ZmLpcat1,samp,experiment,plate,well,barcode,tube_num_full,tube_num,tissue_key,tissue,ID,temp_tx,fertilizer_tx,tray,pot,line,source,tissue_stage,date_planted,emergence_date,unique_id,harvest_date,genotype,inv4m_genotype,uniqueID,file,Filename,fastqc,Total_Sequences,plant,NEWID,new_line,new_inv4m_genotype,full_geno,group,inv_temp,fert_temp,fert_temp_geno
5.939149167,GC72_P1_ILLSINHA37,gc72,1,D5,ILLSINHA37,91,91,0,V3_Leaf_tissue,gc72012,warm,high,1,6,PT,,V3,3/2/17,3/4/17,warm_1_6_V3,3/13/17,PT,Inv4m,gc72012_0,GC72_P1_ILLSINHA37_1.fq.gz,GC72_P1_ILLSINHA37_1.fq.gz,pass,2082573,gc72_1_warm_high_1_6_V3,gc72_1_warm_high_1_6_V3_V3_Leaf_tissue,,Inv4m,PT_,warm_NA_Inv4m,Inv4m_warm,high_warm,high_warm_PT
5.799267338,GC72_P1_ILLSINHA39,gc72,1,B5,ILLSINHA39,86,86,0,V3_Leaf_tissue,gc72054,warm,high,3,9,F1,,V3,3/2/17,3/6/17,warm_3_9_V3,3/13/17,F1,H,gc72054_0,GC72_P1_ILLSINHA39_1.fq.gz,GC72_P1_ILLSINHA39_1.fq.gz,pass,3147936,gc72_1_warm_high_3_9_V3,gc72_1_warm_high_3_9_V3_V3_Leaf_tissue,,H,F1_,warm_NA_H,H_warm,high_warm,high_warm_F1
7.207964594,GC72_P1_ILLSINHA40,gc72,1,A5,ILLSINHA40,86.1,86,1,V3_Primary_root,gc72054,warm,high,3,9,F1,,V3,3/2/17,3/6/17,warm_3_9_V3,3/13/17,F1,H,gc72054_1,GC72_P1_ILLSINHA40_1.fq.gz,GC72_P1_ILLSINHA40_1.fq.gz,pass,3580626,gc72_1_warm_high_3_9_V3,gc72_1_warm_high_3_9_V3_V3_Primary_root,,H,F1_,warm_NA_H,H_warm,high_warm,high_warm_F1
5.583723068,GC72_P1_ILLSINHA43,gc72,1,F6,ILLSINHA43,140,140,0,V3_Leaf_tissue,gc72172,warm,low,10,5,PT,,V3,3/2/17,3/6/17,warm_10_5_V3,3/14/17,PT,Inv4m,gc72172_0,GC72_P1_ILLSINHA43_1.fq.gz,GC72_P1_ILLSINHA43_1.fq.gz,pass,3471393,gc72_1_warm_low_10_5_V3,gc72_1_warm_low_10_5_V3_V3_Leaf_tissue,,Inv4m,PT_,warm_NA_Inv4m,Inv4m_warm,low_warm,low_warm_PT
6.207562767,GC72_P1_ILLSINHA46,gc72,1,C6,ILLSINHA46,116.1,116,1,V3_Primary_root,gc72154,warm,low,9,5,F1,,V3,3/2/17,3/4/17,warm_9_5_V3,3/14/17,F1,H,gc72154_1,GC72_P1_ILLSINHA46_1.fq.gz,GC72_P1_ILLSINHA46_1.fq.gz,pass,2918849,gc72_1_warm_low_9_5_V3,gc72_1_warm_low_9_5_V3_V3_Primary_root,,H,F1_,warm_NA_H,H_warm,low_warm,low_warm_F1
6.236575158,GC72_P1_ILLSINHA47,gc72,1,B6,ILLSINHA47,140.1,140,1,V3_Primary_root,gc72172,warm,low,10,5,PT,,V3,3/2/17,3/6/17,warm_10_5_V3,3/14/17,PT,Inv4m,gc72172_1,GC72_P1_ILLSINHA47_1.fq.gz,GC72_P1_ILLSINHA47_1.fq.gz,pass,2643613,gc72_1_warm_low_10_5_V3,gc72_1_warm_low_10_5_V3_V3_Primary_root,,Inv4m,PT_,warm_NA_Inv4m,Inv4m_warm,low_warm,low_warm_PT
6.197993958,GC72_P1_ILLSINHA48,gc72,1,A6,ILLSINHA48,117.1,117,1,V3_Primary_root,gc72158,warm,low,9,7,B73,,V3,3/2/17,3/6/17,warm_9_7_V3,3/14/17,B73,B73,gc72158_1,GC72_P1_ILLSINHA48_1.fq.gz,GC72_P1_ILLSINHA48_1.fq.gz,pass,2508747,gc72_1_warm_low_9_7_V3,gc72_1_warm_low_9_7_V3_V3_Primary_root,,B73,B73_,warm_NA_B73,B73_warm,low_warm,low_warm_B73
6.17091067,GC72_P1_ILLSINHA49,gc72,1,H7,ILLSINHA49,226.1,226,1,V3_Primary_root,gc72356,cold,low,10,7,F1,,V3,3/2/17,3/7/17,cold_10_7_V3,3/23/17,F1,H,gc72356_1,GC72_P1_ILLSINHA49_1.fq.gz,GC72_P1_ILLSINHA49_1.fq.gz,pass,7124882,gc72_1_cold_low_10_7_V3,gc72_1_cold_low_10_7_V3_V3_Primary_root,,H,F1_,cold_NA_H,H_cold,low_cold,low_cold_F1
6.576246353,GC72_P1_ILLSINHA50,gc72,1,G7,ILLSINHA50,227.1,227,1,V3_Primary_root,gc72358,cold,low,10,8,PT,,V3,3/2/17,3/8/17,cold_10_8_V3,3/23/17,PT,Inv4m,gc72358_1,GC72_P1_ILLSINHA50_1.fq.gz,GC72_P1_ILLSINHA50_1.fq.gz,pass,5920870,gc72_1_cold_low_10_8_V3,gc72_1_cold_low_10_8_V3_V3_Primary_root,,Inv4m,PT_,cold_NA_Inv4m,Inv4m_cold,low_cold,low_cold_PT
6.254155889,GC72_P1_ILLSINHA51,gc72,1,F7,ILLSINHA51,274.1,274,1,V3_Primary_root,gc72346,cold,low,10,2,B73,,V3,3/2/17,3/13/17,cold_10_2_V3,3/28/17,B73,B73,gc72346_1,GC72_P1_ILLSINHA51_1.fq.gz,GC72_P1_ILLSINHA51_1.fq.gz,pass,6945957,gc72_1_cold_low_10_2_V3,gc72_1_cold_low_10_2_V3_V3_Primary_root,,B73,B73_,cold_NA_B73,B73_cold,low_cold,low_cold_B73
6.059995517,GC72_P1_ILLSINHA89,gc72,1,H12,ILLSINHA89,218,218,0,V3_Leaf_tissue,gc72182,cold,high,1,1,PT,,V3,3/2/17,3/9/17,cold_1_1_V3,3/23/17,PT,Inv4m,gc72182_0,GC72_P1_ILLSINHA89_1.fq.gz,GC72_P1_ILLSINHA89_1.fq.gz,pass,4566803,gc72_1_cold_high_1_1_V3,gc72_1_cold_high_1_1_V3_V3_Leaf_tissue,,Inv4m,PT_,cold_NA_Inv4m,Inv4m_cold,high_cold,high_cold_PT
5.840675205,GC72_P1_ILLSINHA90,gc72,1,G12,ILLSINHA90,234,234,0,V3_Leaf_tissue,gc72184,cold,high,1,2,F1,,V3,3/2/17,3/8/17,cold_1_2_V3,3/24/17,F1,H,gc72184_0,GC72_P1_ILLSINHA90_1.fq.gz,GC72_P1_ILLSINHA90_1.fq.gz,pass,4651928,gc72_1_cold_high_1_2_V3,gc72_1_cold_high_1_2_V3_V3_Leaf_tissue,,H,F1_,cold_NA_H,H_cold,high_cold,high_cold_F1
6.199565015,GC72_P1_ILLSINHA91,gc72,1,F12,ILLSINHA91,234.1,234,1,V3_Primary_root,gc72184,cold,high,1,2,F1,,V3,3/2/17,3/8/17,cold_1_2_V3,3/24/17,F1,H,gc72184_1,GC72_P1_ILLSINHA91_1.fq.gz,GC72_P1_ILLSINHA91_1.fq.gz,pass,4097138,gc72_1_cold_high_1_2_V3,gc72_1_cold_high_1_2_V3_V3_Primary_root,,H,F1_,cold_NA_H,H_cold,high_cold,high_cold_F1
6.284105358,GC72_P1_ILLSINHA92,gc72,1,E12,ILLSINHA92,218.1,218,1,V3_Primary_root,gc72182,cold,high,1,1,PT,,V3,3/2/17,3/9/17,cold_1_1_V3,3/23/17,PT,Inv4m,gc72182_1,GC72_P1_ILLSINHA92_1.fq.gz,GC72_P1_ILLSINHA92_1.fq.gz,pass,5016235,gc72_1_cold_high_1_1_V3,gc72_1_cold_high_1_1_V3_V3_Primary_root,,Inv4m,PT_,cold_NA_Inv4m,Inv4m_cold,high_cold,high_cold_PT
6.228644206,GC72_P1_ILLSINHA93,gc72,1,D12,ILLSINHA93,250.1,250,1,V3_Primary_root,gc72190,cold,high,1,5,B73,,V3,3/2/17,3/13/17,cold_1_5_V3,3/28/17,B73,B73,gc72190_1,GC72_P1_ILLSINHA93_1.fq.gz,GC72_P1_ILLSINHA93_1.fq.gz,pass,5051564,gc72_1_cold_high_1_5_V3,gc72_1_cold_high_1_5_V3_V3_Primary_root,,B73,B73_,cold_NA_B73,B73_cold,high_cold,high_cold_B73
5.038409166,GC72_P1_ILLSINHA94,gc72,1,C12,ILLSINHA94,227,227,0,V3_Leaf_tissue,gc72358,cold,low,10,8,PT,,V3,3/2/17,3/8/17,cold_10_8_V3,3/23/17,PT,Inv4m,gc72358_0,GC72_P1_ILLSINHA94_1.fq.gz,GC72_P1_ILLSINHA94_1.fq.gz,pass,2337521,gc72_1_cold_low_10_8_V3,gc72_1_cold_low_10_8_V3_V3_Leaf_tissue,,Inv4m,PT_,cold_NA_Inv4m,Inv4m_cold,low_cold,low_cold_PT
6.153559927,GC72_P1_ILLSINHA95,gc72,1,B12,ILLSINHA95,226,226,0,V3_Leaf_tissue,gc72356,cold,low,10,7,F1,,V3,3/2/17,3/7/17,cold_10_7_V3,3/23/17,F1,H,gc72356_0,GC72_P1_ILLSINHA95_1.fq.gz,GC72_P1_ILLSINHA95_1.fq.gz,pass,728663,gc72_1_cold_low_10_7_V3,gc72_1_cold_low_10_7_V3_V3_Leaf_tissue,,H,F1_,cold_NA_H,H_cold,low_cold,low_cold_F1
6.063158491,GC72_P2_ILLSINHA43,gc72,2,F6,ILLSINHA43,171,171,0,V3_Leaf_tissue,gc72060,warm,high,4,3,PT,,V3,3/2/17,3/6/17,warm_4_3_V3,3/15/17,PT,Inv4m,gc72060_0,GC72_P2_ILLSINHA43_1.fq.gz,GC72_P2_ILLSINHA43_1.fq.gz,pass,4234407,gc72_2_warm_high_4_3_V3,gc72_2_warm_high_4_3_V3_V3_Leaf_tissue,,Inv4m,PT_,warm_NA_Inv4m,Inv4m_warm,high_warm,high_warm_PT
4.846492801,GC72_P2_ILLSINHA45,gc72,2,D6,ILLSINHA45,103,103,0,V3_Leaf_tissue,gc72028,warm,high,2,5,B73,,V3,3/2/17,3/6/17,warm_2_5_V3,3/14/17,B73,B73,gc72028_0,GC72_P2_ILLSINHA45_1.fq.gz,GC72_P2_ILLSINHA45_1.fq.gz,pass,734896,gc72_2_warm_high_2_5_V3,gc72_2_warm_high_2_5_V3_V3_Leaf_tissue,,B73,B73_,warm_NA_B73,B73_warm,high_warm,high_warm_B73
6.359808391,GC72_P2_ILLSINHA46,gc72,2,C6,ILLSINHA46,103.1,103,1,V3_Primary_root,gc72028,warm,high,2,5,B73,,V3,3/2/17,3/6/17,warm_2_5_V3,3/14/17,B73,B73,gc72028_1,GC72_P2_ILLSINHA46_1.fq.gz,GC72_P2_ILLSINHA46_1.fq.gz,pass,3550756,gc72_2_warm_high_2_5_V3,gc72_2_warm_high_2_5_V3_V3_Primary_root,,B73,B73_,warm_NA_B73,B73_warm,high_warm,high_warm_B73
6.705349047,GC72_P2_ILLSINHA47,gc72,2,B6,ILLSINHA47,171.1,171,1,V3_Primary_root,gc72060,warm,high,4,3,PT,,V3,3/2/17,3/6/17,warm_4_3_V3,3/15/17,PT,Inv4m,gc72060_1,GC72_P2_ILLSINHA47_1.fq.gz,GC72_P2_ILLSINHA47_1.fq.gz,pass,4866077,gc72_2_warm_high_4_3_V3,gc72_2_warm_high_4_3_V3_V3_Primary_root,,Inv4m,PT_,warm_NA_Inv4m,Inv4m_warm,high_warm,high_warm_PT
5.897750283,GC72_P2_ILLSINHA48,gc72,2,A6,ILLSINHA48,78.1,78,1,V3_Primary_root,gc72082,warm,high,5,5,F1,,V3,3/2/17,3/6/17,warm_5_5_V3,3/13/17,F1,H,gc72082_1,GC72_P2_ILLSINHA48_1.fq.gz,GC72_P2_ILLSINHA48_1.fq.gz,pass,3854604,gc72_2_warm_high_5_5_V3,gc72_2_warm_high_5_5_V3_V3_Primary_root,,H,F1_,warm_NA_H,H_warm,high_warm,high_warm_F1
6.668210691,GC72_P2_ILLSINHA49,gc72,2,H7,ILLSINHA49,290.1,290,1,V3_Primary_root,gc72238,cold,high,4,2,B73,,V3,3/2/17,3/13/17,cold_4_2_V3,3/28/17,B73,B73,gc72238_1,GC72_P2_ILLSINHA49_1.fq.gz,GC72_P2_ILLSINHA49_1.fq.gz,pass,3963884,gc72_2_cold_high_4_2_V3,gc72_2_cold_high_4_2_V3_V3_Primary_root,,B73,B73_,cold_NA_B73,B73_cold,high_cold,high_cold_B73
6.601004725,GC72_P2_ILLSINHA50,gc72,2,G7,ILLSINHA50,232.1,232,1,V3_Primary_root,gc72220,cold,high,3,2,PT,,V3,3/2/17,3/8/17,cold_3_2_V3,3/23/17,PT,Inv4m,gc72220_1,GC72_P2_ILLSINHA50_1.fq.gz,GC72_P2_ILLSINHA50_1.fq.gz,pass,10779697,gc72_2_cold_high_3_2_V3,gc72_2_cold_high_3_2_V3_V3_Primary_root,,Inv4m,PT_,cold_NA_Inv4m,Inv4m_cold,high_cold,high_cold_PT
6.782250406,GC72_P2_ILLSINHA51,gc72,2,F7,ILLSINHA51,220.1,220,1,V3_Primary_root,gc72270,cold,high,5,9,F1,,V3,3/2/17,3/13/17,cold_5_9_V3,3/23/17,F1,H,gc72270_1,GC72_P2_ILLSINHA51_1.fq.gz,GC72_P2_ILLSINHA51_1.fq.gz,pass,5152570,gc72_2_cold_high_5_9_V3,gc72_2_cold_high_5_9_V3_V3_Primary_root,,H,F1_,cold_NA_H,H_cold,high_cold,high_cold_F1
6.333915819,GC72_P2_ILLSINHA52,gc72,2,E7,ILLSINHA52,228,228,0,V3_Leaf_tissue,gc72360,cold,low,10,9,B73,,V3,3/2/17,3/9/17,cold_10_9_V3,3/23/17,B73,B73,gc72360_0,GC72_P2_ILLSINHA52_1.fq.gz,GC72_P2_ILLSINHA52_1.fq.gz,pass,2658763,gc72_2_cold_low_10_9_V3,gc72_2_cold_low_10_9_V3_V3_Leaf_tissue,,B73,B73_,cold_NA_B73,B73_cold,low_cold,low_cold_B73
6.310948241,GC72_P2_ILLSINHA53,gc72,2,D7,ILLSINHA53,230,230,0,V3_Leaf_tissue,gc72330,cold,low,9,3,F1,,V3,3/2/17,3/8/17,cold_9_3_V3,3/23/17,F1,H,gc72330_0,GC72_P2_ILLSINHA53_1.fq.gz,GC72_P2_ILLSINHA53_1.fq.gz,pass,1247434,gc72_2_cold_low_9_3_V3,gc72_2_cold_low_9_3_V3_V3_Leaf_tissue,,H,F1_,cold_NA_H,H_cold,low_cold,low_cold_F1
3.372972998,GC72_P2_ILLSINHA54,gc72,2,C7,ILLSINHA54,229,229,0,V3_Leaf_tissue,gc72326,cold,low,9,1,PT,,V3,3/2/17,3/7/17,cold_9_1_V3,3/23/17,PT,Inv4m,gc72326_0,GC72_P2_ILLSINHA54_1.fq.gz,GC72_P2_ILLSINHA54_1.fq.gz,pass,234110,gc72_2_cold_low_9_1_V3,gc72_2_cold_low_9_1_V3_V3_Leaf_tissue,,Inv4m,PT_,cold_NA_Inv4m,Inv4m_cold,low_cold,low_cold_PT
6.361626397,GC72_P2_ILLSINHA55,gc72,2,B7,ILLSINHA55,230.1,230,1,V3_Primary_root,gc72330,cold,low,9,3,F1,,V3,3/2/17,3/8/17,cold_9_3_V3,3/23/17,F1,H,gc72330_1,GC72_P2_ILLSINHA55_1.fq.gz,GC72_P2_ILLSINHA55_1.fq.gz,pass,4492948,gc72_2_cold_low_9_3_V3,gc72_2_cold_low_9_3_V3_V3_Primary_root,,H,F1_,cold_NA_H,H_cold,low_cold,low_cold_F1
6.309745918,GC72_P2_ILLSINHA56,gc72,2,A7,ILLSINHA56,229.1,229,1,V3_Primary_root,gc72326,cold,low,9,1,PT,,V3,3/2/17,3/7/17,cold_9_1_V3,3/23/17,PT,Inv4m,gc72326_1,GC72_P2_ILLSINHA56_1.fq.gz,GC72_P2_ILLSINHA56_1.fq.gz,pass,4690680,gc72_2_cold_low_9_1_V3,gc72_2_cold_low_9_1_V3_V3_Primary_root,,Inv4m,PT_,cold_NA_Inv4m,Inv4m_cold,low_cold,low_cold_PT
7.016121498,GC72_P2_ILLSINHA57,gc72,2,H8,ILLSINHA57,228.1,228,1,V3_Primary_root,gc72360,cold,low,10,9,B73,,V3,3/2/17,3/9/17,cold_10_9_V3,3/23/17,B73,B73,gc72360_1,GC72_P2_ILLSINHA57_1.fq.gz,GC72_P2_ILLSINHA57_1.fq.gz,pass,5402010,gc72_2_cold_low_10_9_V3,gc72_2_cold_low_10_9_V3_V3_Primary_root,,B73,B73_,cold_NA_B73,B73_cold,low_cold,low_cold_B73
7.061691185,GC72_P3_ILLSINHA1,gc72,3,H1,ILLSINHA1,93,93,0,V3_Leaf_tissue,gc72016,warm,high,1,8,B73,,V3,3/2/17,3/6/17,warm_1_8_V3,3/13/17,B73,B73,gc72016_0,GC72_P3_ILLSINHA1_1.fq.gz,GC72_P3_ILLSINHA1_1.fq.gz,pass,2680030,gc72_3_warm_high_1_8_V3,gc72_3_warm_high_1_8_V3_V3_Leaf_tissue,,B73,B73_,warm_NA_B73,B73_warm,high_warm,high_warm_B73
5.719806137,GC72_P3_ILLSINHA3,gc72,3,F1,ILLSINHA3,76,76,0,V3_Leaf_tissue,gc72078,warm,high,5,3,PT,,V3,3/2/17,3/6/17,warm_5_3_V3,3/13/17,PT,Inv4m,gc72078_0,GC72_P3_ILLSINHA3_1.fq.gz,GC72_P3_ILLSINHA3_1.fq.gz,pass,2138756,gc72_3_warm_high_5_3_V3,gc72_3_warm_high_5_3_V3_V3_Leaf_tissue,,Inv4m,PT_,warm_NA_Inv4m,Inv4m_warm,high_warm,high_warm_PT
6.688808244,GC72_P3_ILLSINHA4,gc72,3,E1,ILLSINHA4,76.1,76,1,V3_Primary_root,gc72078,warm,high,5,3,PT,,V3,3/2/17,3/6/17,warm_5_3_V3,3/13/17,PT,Inv4m,gc72078_1,GC72_P3_ILLSINHA4_1.fq.gz,GC72_P3_ILLSINHA4_1.fq.gz,pass,4149915,gc72_3_warm_high_5_3_V3,gc72_3_warm_high_5_3_V3_V3_Primary_root,,Inv4m,PT_,warm_NA_Inv4m,Inv4m_warm,high_warm,high_warm_PT
6.632865729,GC72_P3_ILLSINHA5,gc72,3,D1,ILLSINHA5,93.1,93,1,V3_Primary_root,gc72016,warm,high,1,8,B73,,V3,3/2/17,3/6/17,warm_1_8_V3,3/13/17,B73,B73,gc72016_1,GC72_P3_ILLSINHA5_1.fq.gz,GC72_P3_ILLSINHA5_1.fq.gz,pass,4074304,gc72_3_warm_high_1_8_V3,gc72_3_warm_high_1_8_V3_V3_Primary_root,,B73,B73_,warm_NA_B73,B73_warm,high_warm,high_warm_B73
6.074288768,GC72_P3_ILLSINHA6,gc72,3,C1,ILLSINHA6,105.1,105,1,V3_Primary_root,gc72036,warm,high,2,9,F1,,V3,3/2/17,3/6/17,warm_2_9_V3,3/14/17,F1,H,gc72036_1,GC72_P3_ILLSINHA6_1.fq.gz,GC72_P3_ILLSINHA6_1.fq.gz,pass,1908088,gc72_3_warm_high_2_9_V3,gc72_3_warm_high_2_9_V3_V3_Primary_root,,H,F1_,warm_NA_H,H_warm,high_warm,high_warm_F1
5.772780469,GC72_P3_ILLSINHA7,gc72,3,B1,ILLSINHA7,114,114,0,V3_Leaf_tissue,gc72150,warm,low,9,3,F1,,V3,3/2/17,3/4/17,warm_9_3_V3,3/14/17,F1,H,gc72150_0,GC72_P3_ILLSINHA7_1.fq.gz,GC72_P3_ILLSINHA7_1.fq.gz,pass,2155144,gc72_3_warm_low_9_3_V3,gc72_3_warm_low_9_3_V3_V3_Leaf_tissue,,H,F1_,warm_NA_H,H_warm,low_warm,low_warm_F1
5.141537793,GC72_P3_ILLSINHA8,gc72,3,A1,ILLSINHA8,144,144,0,V3_Leaf_tissue,gc72180,warm,low,10,9,PT,,V3,3/2/17,3/6/17,warm_10_9_V3,3/14/17,PT,Inv4m,gc72180_0,GC72_P3_ILLSINHA8_1.fq.gz,GC72_P3_ILLSINHA8_1.fq.gz,pass,3566139,gc72_3_warm_low_10_9_V3,gc72_3_warm_low_10_9_V3_V3_Leaf_tissue,,Inv4m,PT_,warm_NA_Inv4m,Inv4m_warm,low_warm,low_warm_PT
5.65934699,GC72_P3_ILLSINHA9,gc72,3,H2,ILLSINHA9,118,118,0,V3_Leaf_tissue,gc72162,warm,low,9,9,B73,,V3,3/2/17,3/6/17,warm_9_9_V3,3/14/17,B73,B73,gc72162_0,GC72_P3_ILLSINHA9_1.fq.gz,GC72_P3_ILLSINHA9_1.fq.gz,pass,3966526,gc72_3_warm_low_9_9_V3,gc72_3_warm_low_9_9_V3_V3_Leaf_tissue,,B73,B73_,warm_NA_B73,B73_warm,low_warm,low_warm_B73
5.905301898,GC72_P3_ILLSINHA10,gc72,3,G2,ILLSINHA10,144.1,144,1,V3_Primary_root,gc72180,warm,low,10,9,PT,,V3,3/2/17,3/6/17,warm_10_9_V3,3/14/17,PT,Inv4m,gc72180_1,GC72_P3_ILLSINHA10_1.fq.gz,GC72_P3_ILLSINHA10_1.fq.gz,pass,4999385,gc72_3_warm_low_10_9_V3,gc72_3_warm_low_10_9_V3_V3_Primary_root,,Inv4m,PT_,warm_NA_Inv4m,Inv4m_warm,low_warm,low_warm_PT
5.976040164,GC72_P3_ILLSINHA11,gc72,3,F2,ILLSINHA11,114.1,114,1,V3_Primary_root,gc72150,warm,low,9,3,F1,,V3,3/2/17,3/4/17,warm_9_3_V3,3/14/17,F1,H,gc72150_1,GC72_P3_ILLSINHA11_1.fq.gz,GC72_P3_ILLSINHA11_1.fq.gz,pass,2886473,gc72_3_warm_low_9_3_V3,gc72_3_warm_low_9_3_V3_V3_Primary_root,,H,F1_,warm_NA_H,H_warm,low_warm,low_warm_F1
6.809265003,GC72_P3_ILLSINHA12,gc72,3,E2,ILLSINHA12,118.1,118,1,V3_Primary_root,gc72162,warm,low,9,9,B73,,V3,3/2/17,3/6/17,warm_9_9_V3,3/14/17,B73,B73,gc72162_1,GC72_P3_ILLSINHA12_1.fq.gz,GC72_P3_ILLSINHA12_1.fq.gz,pass,2047187,gc72_3_warm_low_9_9_V3,gc72_3_warm_low_9_9_V3_V3_Primary_root,,B73,B73_,warm_NA_B73,B73_warm,low_warm,low_warm_B73
6.104789043,GC72_P3_ILLSINHA53,gc72,3,D7,ILLSINHA53,235,235,0,V3_Leaf_tissue,gc72212,cold,high,2,7,B73,,V3,3/2/17,3/13/17,cold_2_7_V3,3/24/17,B73,B73,gc72212_0,GC72_P3_ILLSINHA53_1.fq.gz,GC72_P3_ILLSINHA53_1.fq.gz,pass,4520048,gc72_3_cold_high_2_7_V3,gc72_3_cold_high_2_7_V3_V3_Leaf_tissue,,B73,B73_,cold_NA_B73,B73_cold,high_cold,high_cold_B73
5.765537193,GC72_P3_ILLSINHA54,gc72,3,C7,ILLSINHA54,221,221,0,V3_Leaf_tissue,gc72242,cold,high,4,4,F1,,V3,3/2/17,3/8/17,cold_4_4_V3,3/23/17,F1,H,gc72242_0,GC72_P3_ILLSINHA54_1.fq.gz,GC72_P3_ILLSINHA54_1.fq.gz,pass,1676439,gc72_3_cold_high_4_4_V3,gc72_3_cold_high_4_4_V3_V3_Leaf_tissue,,H,F1_,cold_NA_H,H_cold,high_cold,high_cold_F1
6.095178501,GC72_P3_ILLSINHA55,gc72,3,B7,ILLSINHA55,219,219,0,V3_Leaf_tissue,gc72258,cold,high,5,3,PT,,V3,3/2/17,3/8/17,cold_5_3_V3,3/23/17,PT,Inv4m,gc72258_0,GC72_P3_ILLSINHA55_1.fq.gz,GC72_P3_ILLSINHA55_1.fq.gz,pass,2650503,gc72_3_cold_high_5_3_V3,gc72_3_cold_high_5_3_V3_V3_Leaf_tissue,,Inv4m,PT_,cold_NA_Inv4m,Inv4m_cold,high_cold,high_cold_PT
6.944798973,GC72_P3_ILLSINHA56,gc72,3,A7,ILLSINHA56,219.1,219,1,V3_Primary_root,gc72258,cold,high,5,3,PT,,V3,3/2/17,3/8/17,cold_5_3_V3,3/23/17,PT,Inv4m,gc72258_1,GC72_P3_ILLSINHA56_1.fq.gz,GC72_P3_ILLSINHA56_1.fq.gz,pass,2588564,gc72_3_cold_high_5_3_V3,gc72_3_cold_high_5_3_V3_V3_Primary_root,,Inv4m,PT_,cold_NA_Inv4m,Inv4m_cold,high_cold,high_cold_PT
6.741190191,GC72_P3_ILLSINHA57,gc72,3,H8,ILLSINHA57,235.1,235,1,V3_Primary_root,gc72212,cold,high,2,7,B73,,V3,3/2/17,3/13/17,cold_2_7_V3,3/24/17,B73,B73,gc72212_1,GC72_P3_ILLSINHA57_1.fq.gz,GC72_P3_ILLSINHA57_1.fq.gz,pass,5078326,gc72_3_cold_high_2_7_V3,gc72_3_cold_high_2_7_V3_V3_Primary_root,,B73,B73_,cold_NA_B73,B73_cold,high_cold,high_cold_B73
5.894898439,GC72_P3_ILLSINHA58,gc72,3,G8,ILLSINHA58,221.1,221,1,V3_Primary_root,gc72242,cold,high,4,4,F1,,V3,3/2/17,3/8/17,cold_4_4_V3,3/23/17,F1,H,gc72242_1,GC72_P3_ILLSINHA58_1.fq.gz,GC72_P3_ILLSINHA58_1.fq.gz,pass,4390333,gc72_3_cold_high_4_4_V3,gc72_3_cold_high_4_4_V3_V3_Primary_root,,H,F1_,cold_NA_H,H_cold,high_cold,high_cold_F1
5.098057262,GC72_P3_ILLSINHA59,gc72,3,F8,ILLSINHA59,224,224,0,V3_Leaf_tissue,gc72344,cold,low,10,1,F1,,V3,3/2/17,3/9/17,cold_10_1_V3,3/23/17,F1,H,gc72344_0,GC72_P3_ILLSINHA59_1.fq.gz,GC72_P3_ILLSINHA59_1.fq.gz,pass,1690383,gc72_3_cold_low_10_1_V3,gc72_3_cold_low_10_1_V3_V3_Leaf_tissue,,H,F1_,cold_NA_H,H_cold,low_cold,low_cold_F1
6.336270495,GC72_P3_ILLSINHA61,gc72,3,D8,ILLSINHA61,283,283,0,V3_Leaf_tissue,gc72338,cold,low,9,7,B73,,V3,3/2/17,3/8/17,cold_9_7_V3,3/28/17,B73,B73,gc72338_0,GC72_P3_ILLSINHA61_1.fq.gz,GC72_P3_ILLSINHA61_1.fq.gz,pass,4878534,gc72_3_cold_low_9_7_V3,gc72_3_cold_low_9_7_V3_V3_Leaf_tissue,,B73,B73_,cold_NA_B73,B73_cold,low_cold,low_cold_B73
6.227216245,GC72_P3_ILLSINHA62,gc72,3,C8,ILLSINHA62,276.1,276,1,V3_Primary_root,gc72352,cold,low,10,5,PT,,V3,3/2/17,3/13/17,cold_10_5_V3,3/28/17,PT,Inv4m,gc72352_1,GC72_P3_ILLSINHA62_1.fq.gz,GC72_P3_ILLSINHA62_1.fq.gz,pass,2414490,gc72_3_cold_low_10_5_V3,gc72_3_cold_low_10_5_V3_V3_Primary_root,,Inv4m,PT_,cold_NA_Inv4m,Inv4m_cold,low_cold,low_cold_PT
5.78427641,GC72_P3_ILLSINHA63,gc72,3,B8,ILLSINHA63,224.1,224,1,V3_Primary_root,gc72344,cold,low,10,1,F1,,V3,3/2/17,3/9/17,cold_10_1_V3,3/23/17,F1,H,gc72344_1,GC72_P3_ILLSINHA63_1.fq.gz,GC72_P3_ILLSINHA63_1.fq.gz,pass,652947,gc72_3_cold_low_10_1_V3,gc72_3_cold_low_10_1_V3_V3_Primary_root,,H,F1_,cold_NA_H,H_cold,low_cold,low_cold_F1
6.126470975,GC72_P3_ILLSINHA64,gc72,3,A8,ILLSINHA64,283.1,283,1,V3_Primary_root,gc72338,cold,low,9,7,B73,,V3,3/2/17,3/8/17,cold_9_7_V3,3/28/17,B73,B73,gc72338_1,GC72_P3_ILLSINHA64_1.fq.gz,GC72_P3_ILLSINHA64_1.fq.gz,pass,3494606,gc72_3_cold_low_9_7_V3,gc72_3_cold_low_9_7_V3_V3_Primary_root,,B73,B73_,cold_NA_B73,B73_cold,low_cold,low_cold_B73
6.107913552,GC73_P4_ILLSINHA37,gc73,4,D5,ILLSINHA37,84,84,0,V3_Leaf_tissue,gc73026,warm,high,2,4,F1,,V3,4/21/17,4/24/17,warm_2_4_V3,5/2/17,F1,H,gc73026_0,GC73_P4_ILLSINHA37_1.fq.gz,GC73_P4_ILLSINHA37_1.fq.gz,pass,517569,gc73_4_warm_high_2_4_V3,gc73_4_warm_high_2_4_V3_V3_Leaf_tissue,,H,F1_,warm_NA_H,H_warm,high_warm,high_warm_F1
5.379499344,GC73_P4_ILLSINHA38,gc73,4,C5,ILLSINHA38,105,105,0,V3_Leaf_tissue,gc73056,warm,high,4,1,PT,,V3,4/21/17,4/25/17,warm_4_1_V3,5/2/17,PT,Inv4m,gc73056_0,GC73_P4_ILLSINHA38_1.fq.gz,GC73_P4_ILLSINHA38_1.fq.gz,pass,739340,gc73_4_warm_high_4_1_V3,gc73_4_warm_high_4_1_V3_V3_Leaf_tissue,,Inv4m,PT_,warm_NA_Inv4m,Inv4m_warm,high_warm,high_warm_PT
6.360833889,GC73_P4_ILLSINHA39,gc73,4,B5,ILLSINHA39,156,156,0,V3_Leaf_tissue,gc73052,warm,high,3,8,B73,,V3,4/21/17,4/25/17,warm_3_8_V3,5/3/17,B73,B73,gc73052_0,GC73_P4_ILLSINHA39_1.fq.gz,GC73_P4_ILLSINHA39_1.fq.gz,pass,703649,gc73_4_warm_high_3_8_V3,gc73_4_warm_high_3_8_V3_V3_Leaf_tissue,,B73,B73_,warm_NA_B73,B73_warm,high_warm,high_warm_B73
6.214239617,GC73_P4_ILLSINHA40,gc73,4,A5,ILLSINHA40,105.1,105,1,V3_Primary_root,gc73056,warm,high,4,1,PT,,V3,4/21/17,4/25/17,warm_4_1_V3,5/2/17,PT,Inv4m,gc73056_1,GC73_P4_ILLSINHA40_1.fq.gz,GC73_P4_ILLSINHA40_1.fq.gz,pass,6869374,gc73_4_warm_high_4_1_V3,gc73_4_warm_high_4_1_V3_V3_Primary_root,,Inv4m,PT_,warm_NA_Inv4m,Inv4m_warm,high_warm,high_warm_PT
6.401968607,GC73_P4_ILLSINHA41,gc73,4,H6,ILLSINHA41,84.1,84,1,V3_Primary_root,gc73026,warm,high,2,4,F1,,V3,4/21/17,4/24/17,warm_2_4_V3,5/2/17,F1,H,gc73026_1,GC73_P4_ILLSINHA41_1.fq.gz,GC73_P4_ILLSINHA41_1.fq.gz,pass,8376208,gc73_4_warm_high_2_4_V3,gc73_4_warm_high_2_4_V3_V3_Primary_root,,H,F1_,warm_NA_H,H_warm,high_warm,high_warm_F1
6.152428517,GC73_P4_ILLSINHA42,gc73,4,G6,ILLSINHA42,156.1,156,1,V3_Primary_root,gc73052,warm,high,3,8,B73,,V3,4/21/17,4/25/17,warm_3_8_V3,5/3/17,B73,B73,gc73052_1,GC73_P4_ILLSINHA42_1.fq.gz,GC73_P4_ILLSINHA42_1.fq.gz,pass,1604660,gc73_4_warm_high_3_8_V3,gc73_4_warm_high_3_8_V3_V3_Primary_root,,B73,B73_,warm_NA_B73,B73_warm,high_warm,high_warm_B73
5.733512104,GC73_P4_ILLSINHA43,gc73,4,F6,ILLSINHA43,159,159,0,V3_Leaf_tissue,gc73148,warm,low,9,2,F1,,V3,4/21/17,4/25/17,warm_9_2_V3,5/4/17,F1,H,gc73148_0,GC73_P4_ILLSINHA43_1.fq.gz,GC73_P4_ILLSINHA43_1.fq.gz,pass,960862,gc73_4_warm_low_9_2_V3,gc73_4_warm_low_9_2_V3_V3_Leaf_tissue,,H,F1_,warm_NA_H,H_warm,low_warm,low_warm_F1
6.177255188,GC73_P4_ILLSINHA44,gc73,4,E6,ILLSINHA44,119,119,0,V3_Leaf_tissue,gc73154,warm,low,9,5,PT,,V3,4/21/17,4/25/17,warm_9_5_V3,5/2/17,PT,Inv4m,gc73154_0,GC73_P4_ILLSINHA44_1.fq.gz,GC73_P4_ILLSINHA44_1.fq.gz,pass,2563413,gc73_4_warm_low_9_5_V3,gc73_4_warm_low_9_5_V3_V3_Leaf_tissue,,Inv4m,PT_,warm_NA_Inv4m,Inv4m_warm,low_warm,low_warm_PT
6.24263517,GC73_P4_ILLSINHA45,gc73,4,D6,ILLSINHA45,129,129,0,V3_Leaf_tissue,gc73176,warm,low,10,7,B73,,V3,4/21/17,4/25/17,warm_10_7_V3,5/2/17,B73,B73,gc73176_0,GC73_P4_ILLSINHA45_1.fq.gz,GC73_P4_ILLSINHA45_1.fq.gz,pass,273581,gc73_4_warm_low_10_7_V3,gc73_4_warm_low_10_7_V3_V3_Leaf_tissue,,B73,B73_,warm_NA_B73,B73_warm,low_warm,low_warm_B73
6.141852995,GC73_P4_ILLSINHA46,gc73,4,C6,ILLSINHA46,119.1,119,1,V3_Primary_root,gc73154,warm,low,9,5,PT,,V3,4/21/17,4/25/17,warm_9_5_V3,5/2/17,PT,Inv4m,gc73154_1,GC73_P4_ILLSINHA46_1.fq.gz,GC73_P4_ILLSINHA46_1.fq.gz,pass,2492717,gc73_4_warm_low_9_5_V3,gc73_4_warm_low_9_5_V3_V3_Primary_root,,Inv4m,PT_,warm_NA_Inv4m,Inv4m_warm,low_warm,low_warm_PT
6.576971859,GC73_P4_ILLSINHA47,gc73,4,B6,ILLSINHA47,129.1,129,1,V3_Primary_root,gc73176,warm,low,10,7,B73,,V3,4/21/17,4/25/17,warm_10_7_V3,5/2/17,B73,B73,gc73176_1,GC73_P4_ILLSINHA47_1.fq.gz,GC73_P4_ILLSINHA47_1.fq.gz,pass,5619005,gc73_4_warm_low_10_7_V3,gc73_4_warm_low_10_7_V3_V3_Primary_root,,B73,B73_,warm_NA_B73,B73_warm,low_warm,low_warm_B73
6.489200059,GC73_P4_ILLSINHA48,gc73,4,A6,ILLSINHA48,159.1,159,1,V3_Primary_root,gc73148,warm,low,9,2,F1,,V3,4/21/17,4/25/17,warm_9_2_V3,5/4/17,F1,H,gc73148_1,GC73_P4_ILLSINHA48_1.fq.gz,GC73_P4_ILLSINHA48_1.fq.gz,pass,4198327,gc73_4_warm_low_9_2_V3,gc73_4_warm_low_9_2_V3_V3_Primary_root,,H,F1_,warm_NA_H,H_warm,low_warm,low_warm_F1
6.044644088,GC73_P4_ILLSINHA49,gc73,4,H7,ILLSINHA49,247.1,247,1,V3_Primary_root,gc73340,cold,low,9,8,PT,,V3,4/21/17,4/28/17,cold_9_8_V3,5/12/17,PT,Inv4m,gc73340_1,GC73_P4_ILLSINHA49_1.fq.gz,GC73_P4_ILLSINHA49_1.fq.gz,pass,4890020,gc73_4_cold_low_9_8_V3,gc73_4_cold_low_9_8_V3_V3_Primary_root,,Inv4m,PT_,cold_NA_Inv4m,Inv4m_cold,low_cold,low_cold_PT
6.060767797,GC73_P4_ILLSINHA50,gc73,4,G7,ILLSINHA50,293.1,293,1,V3_Primary_root,gc73342,cold,low,9,9,B73,,V3,4/21/17,4/30/17,cold_9_9_V3,5/15/17,B73,B73,gc73342_1,GC73_P4_ILLSINHA50_1.fq.gz,GC73_P4_ILLSINHA50_1.fq.gz,pass,10188909,gc73_4_cold_low_9_9_V3,gc73_4_cold_low_9_9_V3_V3_Primary_root,,B73,B73_,cold_NA_B73,B73_cold,low_cold,low_cold_B73
6.00007687,GC73_P4_ILLSINHA51,gc73,4,F7,ILLSINHA51,290.1,290,1,V3_Primary_root,gc73332,cold,low,9,4,F1,,V3,4/21/17,4/28/17,cold_9_4_V3,5/15/17,F1,H,gc73332_1,GC73_P4_ILLSINHA51_1.fq.gz,GC73_P4_ILLSINHA51_1.fq.gz,pass,3199057,gc73_4_cold_low_9_4_V3,gc73_4_cold_low_9_4_V3_V3_Primary_root,,H,F1_,cold_NA_H,H_cold,low_cold,low_cold_F1
6.75285467,GC73_P4_ILLSINHA90,gc73,4,G12,ILLSINHA90,296,296,0,V3_Leaf_tissue,gc73226,cold,high,3,5,B73,,V3,4/21/17,4/28/17,cold_3_5_V3,5/16/17,B73,B73,gc73226_0,GC73_P4_ILLSINHA90_1.fq.gz,GC73_P4_ILLSINHA90_1.fq.gz,pass,2975960,gc73_4_cold_high_3_5_V3,gc73_4_cold_high_3_5_V3_V3_Leaf_tissue,,B73,B73_,cold_NA_B73,B73_cold,high_cold,high_cold_B73
5.853273538,GC73_P4_ILLSINHA91,gc73,4,F12,ILLSINHA91,248.1,248,1,V3_Primary_root,gc73190,cold,high,1,5,PT,,V3,4/21/17,4/27/17,cold_1_5_V3,5/12/17,PT,Inv4m,gc73190_1,GC73_P4_ILLSINHA91_1.fq.gz,GC73_P4_ILLSINHA91_1.fq.gz,pass,7546944,gc73_4_cold_high_1_5_V3,gc73_4_cold_high_1_5_V3_V3_Primary_root,,Inv4m,PT_,cold_NA_Inv4m,Inv4m_cold,high_cold,high_cold_PT
6.445836855,GC73_P4_ILLSINHA92,gc73,4,E12,ILLSINHA92,242.1,242,1,V3_Primary_root,gc73212,cold,high,2,7,F1,,V3,4/21/17,4/28/17,cold_2_7_V3,5/12/17,F1,H,gc73212_1,GC73_P4_ILLSINHA92_1.fq.gz,GC73_P4_ILLSINHA92_1.fq.gz,pass,5228851,gc73_4_cold_high_2_7_V3,gc73_4_cold_high_2_7_V3_V3_Primary_root,,H,F1_,cold_NA_H,H_cold,high_cold,high_cold_F1
6.333526001,GC73_P4_ILLSINHA93,gc73,4,D12,ILLSINHA93,296.1,296,1,V3_Primary_root,gc73226,cold,high,3,5,B73,,V3,4/21/17,4/28/17,cold_3_5_V3,5/16/17,B73,B73,gc73226_1,GC73_P4_ILLSINHA93_1.fq.gz,GC73_P4_ILLSINHA93_1.fq.gz,pass,6927219,gc73_4_cold_high_3_5_V3,gc73_4_cold_high_3_5_V3_V3_Primary_root,,B73,B73_,cold_NA_B73,B73_cold,high_cold,high_cold_B73
5.031695928,GC73_P4_ILLSINHA94,gc73,4,C12,ILLSINHA94,290,290,0,V3_Leaf_tissue,gc73332,cold,low,9,4,F1,,V3,4/21/17,4/28/17,cold_9_4_V3,5/15/17,F1,H,gc73332_0,GC73_P4_ILLSINHA94_1.fq.gz,GC73_P4_ILLSINHA94_1.fq.gz,pass,1103460,gc73_4_cold_low_9_4_V3,gc73_4_cold_low_9_4_V3_V3_Leaf_tissue,,H,F1_,cold_NA_H,H_cold,low_cold,low_cold_F1
6.015455369,GC73_P4_ILLSINHA95,gc73,4,B12,ILLSINHA95,247,247,0,V3_Leaf_tissue,gc73340,cold,low,9,8,PT,,V3,4/21/17,4/28/17,cold_9_8_V3,5/12/17,PT,Inv4m,gc73340_0,GC73_P4_ILLSINHA95_1.fq.gz,GC73_P4_ILLSINHA95_1.fq.gz,pass,2244024,gc73_4_cold_low_9_8_V3,gc73_4_cold_low_9_8_V3_V3_Leaf_tissue,,Inv4m,PT_,cold_NA_Inv4m,Inv4m_cold,low_cold,low_cold_PT
6.043974089,GC73_P4_ILLSINHA96,gc73,4,A12,ILLSINHA96,293,293,0,V3_Leaf_tissue,gc73342,cold,low,9,9,B73,,V3,4/21/17,4/30/17,cold_9_9_V3,5/15/17,B73,B73,gc73342_0,GC73_P4_ILLSINHA96_1.fq.gz,GC73_P4_ILLSINHA96_1.fq.gz,pass,292612,gc73_4_cold_low_9_9_V3,gc73_4_cold_low_9_9_V3_V3_Leaf_tissue,,B73,B73_,cold_NA_B73,B73_cold,low_cold,low_cold_B73
6.483173214,GC73_P5_ILLSINHA1,gc73,5,H1,ILLSINHA1,122,122,0,V3_Leaf_tissue,gc73160,warm,low,9,8,F1,,V3,4/21/17,4/25/17,warm_9_8_V3,5/2/17,F1,H,gc73160_0,GC73_P5_ILLSINHA1_1.fq.gz,GC73_P5_ILLSINHA1_1.fq.gz,,,gc73_5_warm_low_9_8_V3,gc73_5_warm_low_9_8_V3_V3_Leaf_tissue,,H,F1_,warm_NA_H,H_warm,low_warm,low_warm_F1
5.924077385,GC73_P5_ILLSINHA2,gc73,5,G1,ILLSINHA2,120,120,0,V3_Leaf_tissue,gc73156,warm,low,9,6,PT,,V3,4/21/17,4/24/17,warm_9_6_V3,5/2/17,PT,Inv4m,gc73156_0,GC73_P5_ILLSINHA2_1.fq.gz,GC73_P5_ILLSINHA2_1.fq.gz,,,gc73_5_warm_low_9_6_V3,gc73_5_warm_low_9_6_V3_V3_Leaf_tissue,,Inv4m,PT_,warm_NA_Inv4m,Inv4m_warm,low_warm,low_warm_PT
6.310001278,GC73_P5_ILLSINHA3,gc73,5,F1,ILLSINHA3,127,127,0,V3_Leaf_tissue,gc73172,warm,low,10,5,B73,,V3,4/21/17,4/26/17,warm_10_5_V3,5/2/17,B73,B73,gc73172_0,GC73_P5_ILLSINHA3_1.fq.gz,GC73_P5_ILLSINHA3_1.fq.gz,,,gc73_5_warm_low_10_5_V3,gc73_5_warm_low_10_5_V3_V3_Leaf_tissue,,B73,B73_,warm_NA_B73,B73_warm,low_warm,low_warm_B73
6.314536194,GC73_P5_ILLSINHA4,gc73,5,E1,ILLSINHA4,127.1,127,1,V3_Primary_root,gc73172,warm,low,10,5,B73,,V3,4/21/17,4/26/17,warm_10_5_V3,5/2/17,B73,B73,gc73172_1,GC73_P5_ILLSINHA4_1.fq.gz,GC73_P5_ILLSINHA4_1.fq.gz,,,gc73_5_warm_low_10_5_V3,gc73_5_warm_low_10_5_V3_V3_Primary_root,,B73,B73_,warm_NA_B73,B73_warm,low_warm,low_warm_B73
4.821161136,GC73_P5_ILLSINHA43,gc73,5,F6,ILLSINHA43,116,116,0,V3_Leaf_tissue,gc73086,warm,high,5,7,PT,,V3,4/21/17,4/25/17,warm_5_7_V3,5/2/17,PT,Inv4m,gc73086_0,GC73_P5_ILLSINHA43_1.fq.gz,GC73_P5_ILLSINHA43_1.fq.gz,pass,499294,gc73_5_warm_high_5_7_V3,gc73_5_warm_high_5_7_V3_V3_Leaf_tissue,,Inv4m,PT_,warm_NA_Inv4m,Inv4m_warm,high_warm,high_warm_PT
6.563865844,GC73_P5_ILLSINHA44,gc73,5,E6,ILLSINHA44,107,107,0,V3_Leaf_tissue,gc73064,warm,high,4,5,F1,,V3,4/21/17,4/25/17,warm_4_5_V3,5/2/17,F1,H,gc73064_0,GC73_P5_ILLSINHA44_1.fq.gz,GC73_P5_ILLSINHA44_1.fq.gz,pass,3422070,gc73_5_warm_high_4_5_V3,gc73_5_warm_high_4_5_V3_V3_Leaf_tissue,,H,F1_,warm_NA_H,H_warm,high_warm,high_warm_F1
6.597683904,GC73_P5_ILLSINHA45,gc73,5,D6,ILLSINHA45,115,115,0,V3_Leaf_tissue,gc73084,warm,high,5,6,B73,,V3,4/21/17,4/26/17,warm_5_6_V3,5/2/17,B73,B73,gc73084_0,GC73_P5_ILLSINHA45_1.fq.gz,GC73_P5_ILLSINHA45_1.fq.gz,pass,1218344,gc73_5_warm_high_5_6_V3,gc73_5_warm_high_5_6_V3_V3_Leaf_tissue,,B73,B73_,warm_NA_B73,B73_warm,high_warm,high_warm_B73
6.352312645,GC73_P5_ILLSINHA47,gc73,5,B6,ILLSINHA47,116.1,116,1,V3_Primary_root,gc73086,warm,high,5,7,PT,,V3,4/21/17,4/25/17,warm_5_7_V3,5/2/17,PT,Inv4m,gc73086_1,GC73_P5_ILLSINHA47_1.fq.gz,GC73_P5_ILLSINHA47_1.fq.gz,pass,4467546,gc73_5_warm_high_5_7_V3,gc73_5_warm_high_5_7_V3_V3_Primary_root,,Inv4m,PT_,warm_NA_Inv4m,Inv4m_warm,high_warm,high_warm_PT
6.43673269,GC73_P5_ILLSINHA48,gc73,5,A6,ILLSINHA48,115.1,115,1,V3_Primary_root,gc73084,warm,high,5,6,B73,,V3,4/21/17,4/26/17,warm_5_6_V3,5/2/17,B73,B73,gc73084_1,GC73_P5_ILLSINHA48_1.fq.gz,GC73_P5_ILLSINHA48_1.fq.gz,pass,8440585,gc73_5_warm_high_5_6_V3,gc73_5_warm_high_5_6_V3_V3_Primary_root,,B73,B73_,warm_NA_B73,B73_warm,high_warm,high_warm_B73
5.99900127,GC73_P5_ILLSINHA49,gc73,5,H7,ILLSINHA49,299.1,299,1,V3_Primary_root,gc73262,cold,high,5,5,F1,,V3,4/21/17,4/29/17,cold_5_5_V3,5/16/17,F1,H,gc73262_1,GC73_P5_ILLSINHA49_1.fq.gz,GC73_P5_ILLSINHA49_1.fq.gz,pass,3716657,gc73_5_cold_high_5_5_V3,gc73_5_cold_high_5_5_V3_V3_Primary_root,,H,F1_,cold_NA_H,H_cold,high_cold,high_cold_F1
5.767939074,GC73_P5_ILLSINHA50,gc73,5,G7,ILLSINHA50,241.1,241,1,V3_Primary_root,gc73200,cold,high,2,1,PT,,V3,4/21/17,4/27/17,cold_2_1_V3,5/12/17,PT,Inv4m,gc73200_1,GC73_P5_ILLSINHA50_1.fq.gz,GC73_P5_ILLSINHA50_1.fq.gz,pass,8540740,gc73_5_cold_high_2_1_V3,gc73_5_cold_high_2_1_V3_V3_Primary_root,,Inv4m,PT_,cold_NA_Inv4m,Inv4m_cold,high_cold,high_cold_PT
6.174645648,GC73_P5_ILLSINHA51,gc73,5,F7,ILLSINHA51,264.1,264,1,V3_Primary_root,gc73206,cold,high,2,4,B73,,V3,4/21/17,4/29/17,cold_2_4_V3,5/15/17,B73,B73,gc73206_1,GC73_P5_ILLSINHA51_1.fq.gz,GC73_P5_ILLSINHA51_1.fq.gz,pass,4962705,gc73_5_cold_high_2_4_V3,gc73_5_cold_high_2_4_V3_V3_Primary_root,,B73,B73_,cold_NA_B73,B73_cold,high_cold,high_cold_B73
6.514933305,GC73_P5_ILLSINHA52,gc73,5,E7,ILLSINHA52,245,245,0,V3_Leaf_tissue,gc73328,cold,low,9,2,F1,,V3,4/21/17,4/28/17,cold_9_2_V3,5/12/17,F1,H,gc73328_0,GC73_P5_ILLSINHA52_1.fq.gz,GC73_P5_ILLSINHA52_1.fq.gz,pass,1039337,gc73_5_cold_low_9_2_V3,gc73_5_cold_low_9_2_V3_V3_Leaf_tissue,,H,F1_,cold_NA_H,H_cold,low_cold,low_cold_F1
5.7865943,GC73_P5_ILLSINHA53,gc73,5,D7,ILLSINHA53,284,284,0,V3_Leaf_tissue,gc73356,cold,low,10,7,PT,,V3,4/21/17,4/28/17,cold_10_7_V3,5/15/17,PT,Inv4m,gc73356_0,GC73_P5_ILLSINHA53_1.fq.gz,GC73_P5_ILLSINHA53_1.fq.gz,pass,3202241,gc73_5_cold_low_10_7_V3,gc73_5_cold_low_10_7_V3_V3_Leaf_tissue,,Inv4m,PT_,cold_NA_Inv4m,Inv4m_cold,low_cold,low_cold_PT
6.156899391,GC73_P5_ILLSINHA55,gc73,5,B7,ILLSINHA55,292.1,292,1,V3_Primary_root,gc73336,cold,low,9,6,B73,,V3,4/21/17,4/28/17,cold_9_6_V3,5/15/17,B73,B73,gc73336_1,GC73_P5_ILLSINHA55_1.fq.gz,GC73_P5_ILLSINHA55_1.fq.gz,pass,13710012,gc73_5_cold_low_9_6_V3,gc73_5_cold_low_9_6_V3_V3_Primary_root,,B73,B73_,cold_NA_B73,B73_cold,low_cold,low_cold_B73
5.658563527,GC73_P5_ILLSINHA56,gc73,5,A7,ILLSINHA56,284.1,284,1,V3_Primary_root,gc73356,cold,low,10,7,PT,,V3,4/21/17,4/28/17,cold_10_7_V3,5/15/17,PT,Inv4m,gc73356_1,GC73_P5_ILLSINHA56_1.fq.gz,GC73_P5_ILLSINHA56_1.fq.gz,pass,4539276,gc73_5_cold_low_10_7_V3,gc73_5_cold_low_10_7_V3_V3_Primary_root,,Inv4m,PT_,cold_NA_Inv4m,Inv4m_cold,low_cold,low_cold_PT
5.736501029,GC73_P6_ILLSINHA1,gc73,6,H1,ILLSINHA1,117,117,0,V3_Leaf_tissue,gc73088,warm,high,5,8,F1,,V3,4/21/17,4/24/17,warm_5_8_V3,5/2/17,F1,H,gc73088_0,GC73_P6_ILLSINHA1_1.fq.gz,GC73_P6_ILLSINHA1_1.fq.gz,,,gc73_6_warm_high_5_8_V3,gc73_6_warm_high_5_8_V3_V3_Leaf_tissue,,H,F1_,warm_NA_H,H_warm,high_warm,high_warm_F1
5.555803743,GC73_P6_ILLSINHA3,gc73,6,F1,ILLSINHA3,85,85,0,V3_Leaf_tissue,gc73028,warm,high,2,5,PT,,V3,4/21/17,4/24/17,warm_2_5_V3,5/2/17,PT,Inv4m,gc73028_0,GC73_P6_ILLSINHA3_1.fq.gz,GC73_P6_ILLSINHA3_1.fq.gz,,,gc73_6_warm_high_2_5_V3,gc73_6_warm_high_2_5_V3_V3_Leaf_tissue,,Inv4m,PT_,warm_NA_Inv4m,Inv4m_warm,high_warm,high_warm_PT
6.667069951,GC73_P6_ILLSINHA4,gc73,6,E1,ILLSINHA4,85.1,85,1,V3_Primary_root,gc73028,warm,high,2,5,PT,,V3,4/21/17,4/24/17,warm_2_5_V3,5/2/17,PT,Inv4m,gc73028_1,GC73_P6_ILLSINHA4_1.fq.gz,GC73_P6_ILLSINHA4_1.fq.gz,,,gc73_6_warm_high_2_5_V3,gc73_6_warm_high_2_5_V3_V3_Primary_root,,Inv4m,PT_,warm_NA_Inv4m,Inv4m_warm,high_warm,high_warm_PT
6.107122787,GC73_P6_ILLSINHA5,gc73,6,D1,ILLSINHA5,117.1,117,1,V3_Primary_root,gc73088,warm,high,5,8,F1,,V3,4/21/17,4/24/17,warm_5_8_V3,5/2/17,F1,H,gc73088_1,GC73_P6_ILLSINHA5_1.fq.gz,GC73_P6_ILLSINHA5_1.fq.gz,,,gc73_6_warm_high_5_8_V3,gc73_6_warm_high_5_8_V3_V3_Primary_root,,H,F1_,warm_NA_H,H_warm,high_warm,high_warm_F1
5.847827699,GC73_P6_ILLSINHA6,gc73,6,C1,ILLSINHA6,82.1,82,1,V3_Primary_root,gc73022,warm,high,2,2,B73,,V3,4/21/17,4/25/17,warm_2_2_V3,5/2/17,B73,B73,gc73022_1,GC73_P6_ILLSINHA6_1.fq.gz,GC73_P6_ILLSINHA6_1.fq.gz,,,gc73_6_warm_high_2_2_V3,gc73_6_warm_high_2_2_V3_V3_Primary_root,,B73,B73_,warm_NA_B73,B73_warm,high_warm,high_warm_B73
6.680899695,GC73_P6_ILLSINHA7,gc73,6,B1,ILLSINHA7,128,128,0,V3_Leaf_tissue,gc73174,warm,low,10,6,F1,,V3,4/21/17,4/25/17,warm_10_6_V3,5/2/17,F1,H,gc73174_0,GC73_P6_ILLSINHA7_1.fq.gz,GC73_P6_ILLSINHA7_1.fq.gz,,,gc73_6_warm_low_10_6_V3,gc73_6_warm_low_10_6_V3_V3_Leaf_tissue,,H,F1_,warm_NA_H,H_warm,low_warm,low_warm_F1
6.47071148,GC73_P6_ILLSINHA8,gc73,6,A1,ILLSINHA8,158,158,0,V3_Leaf_tissue,gc73146,warm,low,9,1,B73,,V3,4/21/17,4/27/17,warm_9_1_V3,5/4/17,B73,B73,gc73146_0,GC73_P6_ILLSINHA8_1.fq.gz,GC73_P6_ILLSINHA8_1.fq.gz,,,gc73_6_warm_low_9_1_V3,gc73_6_warm_low_9_1_V3_V3_Leaf_tissue,,B73,B73_,warm_NA_B73,B73_warm,low_warm,low_warm_B73
5.559470778,GC73_P6_ILLSINHA9,gc73,6,H2,ILLSINHA9,125,125,0,V3_Leaf_tissue,gc73166,warm,low,10,2,PT,,V3,4/21/17,4/26/17,warm_10_2_V3,5/2/17,PT,Inv4m,gc73166_0,GC73_P6_ILLSINHA9_1.fq.gz,GC73_P6_ILLSINHA9_1.fq.gz,,,gc73_6_warm_low_10_2_V3,gc73_6_warm_low_10_2_V3_V3_Leaf_tissue,,Inv4m,PT_,warm_NA_Inv4m,Inv4m_warm,low_warm,low_warm_PT
6.322717556,GC73_P6_ILLSINHA10,gc73,6,G2,ILLSINHA10,125.1,125,1,V3_Primary_root,gc73166,warm,low,10,2,PT,,V3,4/21/17,4/26/17,warm_10_2_V3,5/2/17,PT,Inv4m,gc73166_1,GC73_P6_ILLSINHA10_1.fq.gz,GC73_P6_ILLSINHA10_1.fq.gz,pass,4585270,gc73_6_warm_low_10_2_V3,gc73_6_warm_low_10_2_V3_V3_Primary_root,,Inv4m,PT_,warm_NA_Inv4m,Inv4m_warm,low_warm,low_warm_PT
6.20593605,GC73_P6_ILLSINHA11,gc73,6,F2,ILLSINHA11,128.1,128,1,V3_Primary_root,gc73174,warm,low,10,6,F1,,V3,4/21/17,4/25/17,warm_10_6_V3,5/2/17,F1,H,gc73174_1,GC73_P6_ILLSINHA11_1.fq.gz,GC73_P6_ILLSINHA11_1.fq.gz,pass,1263773,gc73_6_warm_low_10_6_V3,gc73_6_warm_low_10_6_V3_V3_Primary_root,,H,F1_,warm_NA_H,H_warm,low_warm,low_warm_F1
6.483006043,GC73_P6_ILLSINHA12,gc73,6,E2,ILLSINHA12,158.1,158,1,V3_Primary_root,gc73146,warm,low,9,1,B73,,V3,4/21/17,4/27/17,warm_9_1_V3,5/4/17,B73,B73,gc73146_1,GC73_P6_ILLSINHA12_1.fq.gz,GC73_P6_ILLSINHA12_1.fq.gz,pass,2661614,gc73_6_warm_low_9_1_V3,gc73_6_warm_low_9_1_V3_V3_Primary_root,,B73,B73_,warm_NA_B73,B73_warm,low_warm,low_warm_B73
6.170786662,GC73_P6_ILLSINHA53,gc73,6,D7,ILLSINHA53,275,275,0,V3_Leaf_tissue,gc73242,cold,high,4,4,F1,,V3,4/21/17,4/29/17,cold_4_4_V3,5/15/17,F1,H,gc73242_0,GC73_P6_ILLSINHA53_1.fq.gz,GC73_P6_ILLSINHA53_1.fq.gz,pass,514206,gc73_6_cold_high_4_4_V3,gc73_6_cold_high_4_4_V3_V3_Leaf_tissue,,H,F1_,cold_NA_H,H_cold,high_cold,high_cold_F1
6.051415263,GC73_P6_ILLSINHA55,gc73,6,B7,ILLSINHA55,243,243,0,V3_Leaf_tissue,gc73254,cold,high,5,1,PT,,V3,4/21/17,4/28/17,cold_5_1_V3,5/12/17,PT,Inv4m,gc73254_0,GC73_P6_ILLSINHA55_1.fq.gz,GC73_P6_ILLSINHA55_1.fq.gz,pass,4028059,gc73_6_cold_high_5_1_V3,gc73_6_cold_high_5_1_V3_V3_Leaf_tissue,,Inv4m,PT_,cold_NA_Inv4m,Inv4m_cold,high_cold,high_cold_PT
6.51850645,GC73_P6_ILLSINHA56,gc73,6,A7,ILLSINHA56,243.1,243,1,V3_Primary_root,gc73254,cold,high,5,1,PT,,V3,4/21/17,4/28/17,cold_5_1_V3,5/12/17,PT,Inv4m,gc73254_1,GC73_P6_ILLSINHA56_1.fq.gz,GC73_P6_ILLSINHA56_1.fq.gz,pass,7714421,gc73_6_cold_high_5_1_V3,gc73_6_cold_high_5_1_V3_V3_Primary_root,,Inv4m,PT_,cold_NA_Inv4m,Inv4m_cold,high_cold,high_cold_PT
6.417158087,GC73_P6_ILLSINHA58,gc73,6,G8,ILLSINHA58,269.1,269,1,V3_Primary_root,gc73264,cold,high,5,6,B73,,V3,4/21/17,4/29/17,cold_5_6_V3,5/15/17,B73,B73,gc73264_1,GC73_P6_ILLSINHA58_1.fq.gz,GC73_P6_ILLSINHA58_1.fq.gz,pass,14561569,gc73_6_cold_high_5_6_V3,gc73_6_cold_high_5_6_V3_V3_Primary_root,,B73,B73_,cold_NA_B73,B73_cold,high_cold,high_cold_B73
5.752631294,GC73_P6_ILLSINHA59,gc73,6,F8,ILLSINHA59,283,283,0,V3_Leaf_tissue,gc73350,cold,low,10,4,F1,,V3,4/21/17,4/30/17,cold_10_4_V3,5/15/17,F1,H,gc73350_0,GC73_P6_ILLSINHA59_1.fq.gz,GC73_P6_ILLSINHA59_1.fq.gz,pass,2529041,gc73_6_cold_low_10_4_V3,gc73_6_cold_low_10_4_V3_V3_Leaf_tissue,,H,F1_,cold_NA_H,H_cold,low_cold,low_cold_F1
6.003859979,GC73_P6_ILLSINHA60,gc73,6,E8,ILLSINHA60,281,281,0,V3_Leaf_tissue,gc73344,cold,low,10,1,B73,,V3,4/21/17,4/30/17,cold_10_1_V3,5/15/17,B73,B73,gc73344_0,GC73_P6_ILLSINHA60_1.fq.gz,GC73_P6_ILLSINHA60_1.fq.gz,pass,473123,gc73_6_cold_low_10_1_V3,gc73_6_cold_low_10_1_V3_V3_Leaf_tissue,,B73,B73_,cold_NA_B73,B73_cold,low_cold,low_cold_B73
5.407016872,GC73_P6_ILLSINHA61,gc73,6,D8,ILLSINHA61,282,282,0,V3_Leaf_tissue,gc73346,cold,low,10,2,PT,,V3,4/21/17,4/28/17,cold_10_2_V3,5/15/17,PT,Inv4m,gc73346_0,GC73_P6_ILLSINHA61_1.fq.gz,GC73_P6_ILLSINHA61_1.fq.gz,pass,1310043,gc73_6_cold_low_10_2_V3,gc73_6_cold_low_10_2_V3_V3_Leaf_tissue,,Inv4m,PT_,cold_NA_Inv4m,Inv4m_cold,low_cold,low_cold_PT
6.037324373,GC73_P6_ILLSINHA63,gc73,6,B8,ILLSINHA63,283.1,283,1,V3_Primary_root,gc73350,cold,low,10,4,F1,,V3,4/21/17,4/30/17,cold_10_4_V3,5/15/17,F1,H,gc73350_1,GC73_P6_ILLSINHA63_1.fq.gz,GC73_P6_ILLSINHA63_1.fq.gz,pass,5592502,gc73_6_cold_low_10_4_V3,gc73_6_cold_low_10_4_V3_V3_Primary_root,,H,F1_,cold_NA_H,H_cold,low_cold,low_cold_F1
6.331885216,GC73_P6_ILLSINHA64,gc73,6,A8,ILLSINHA64,281.1,281,1,V3_Primary_root,gc73344,cold,low,10,1,B73,,V3,4/21/17,4/30/17,cold_10_1_V3,5/15/17,B73,B73,gc73344_1,GC73_P6_ILLSINHA64_1.fq.gz,GC73_P6_ILLSINHA64_1.fq.gz,pass,9818550,gc73_6_cold_low_10_1_V3,gc73_6_cold_low_10_1_V3_V3_Primary_root,,B73,B73_,cold_NA_B73,B73_cold,low_cold,low_cold_B73