"ZmPla1.2","ZmPla1.2_raw","experiment","plate","well","barcode","tube_num_full","tube_num","tissue_key","tissue","ID","temp_tx","fertilizer_tx","tray","pot","line","source","tissue_stage","date_planted","emergence_date","unique_id","harvest_date","genotype","inv4m_genotype","uniqueID","file","Filename","fastqc","Total_Sequences","samp","full_geno","group"
4.08313183704729,15,"gc72","1","D5","ILLSINHA37",91,91,0,"V3 Leaf tissue","gc72012","warm","high",1,6,"PT",NA,"V3","3/2/2017","3/4/2017","warm_1_6_V3","3/13/2017","PT","Inv4m","gc72012_0","GC72_P1_ILLSINHA37_1.fq.gz","GC72_P1_ILLSINHA37_1.fq.gz","pass",2082573,"GC72_P1_ILLSINHA37","PT_Inv4m","warm_PT_Inv4m"
3.52859549459883,14,"gc72","1","B5","ILLSINHA39",86,86,0,"V3 Leaf tissue","gc72054","warm","high",3,9,"F1",NA,"V3","3/2/2017","3/6/2017","warm_3_9_V3","3/13/2017","F1","H","gc72054_0","GC72_P1_ILLSINHA39_1.fq.gz","GC72_P1_ILLSINHA39_1.fq.gz","pass",3147936,"GC72_P1_ILLSINHA39","F1_H","warm_F1_H"
-1.52489562977065,0,"gc72","1","A5","ILLSINHA40",86.1,86,1,"V3 Primary root","gc72054","warm","high",3,9,"F1",NA,"V3","3/2/2017","3/6/2017","warm_3_9_V3","3/13/2017","F1","H","gc72054_1","GC72_P1_ILLSINHA40_1.fq.gz","GC72_P1_ILLSINHA40_1.fq.gz","pass",3580626,"GC72_P1_ILLSINHA40","F1_H","warm_F1_H"
2.0052039952816,0,"gc72","1","H6","ILLSINHA41",91.1,91,1,"V3 Primary root","gc72012","warm","high",1,6,"PT",NA,"V3","3/2/2017","3/4/2017","warm_1_6_V3","3/13/2017","PT","Inv4m","gc72012_1","GC72_P1_ILLSINHA41_1.fq.gz","GC72_P1_ILLSINHA41_1.fq.gz","pass",1078410,"GC72_P1_ILLSINHA41","PT_Inv4m","warm_PT_Inv4m"
4.3058851712556,23,"gc72","1","F6","ILLSINHA43",140,140,0,"V3 Leaf tissue","gc72172","warm","low",10,5,"PT",NA,"V3","3/2/2017","3/6/2017","warm_10_5_V3","3/14/2017","PT","Inv4m","gc72172_0","GC72_P1_ILLSINHA43_1.fq.gz","GC72_P1_ILLSINHA43_1.fq.gz","pass",3471393,"GC72_P1_ILLSINHA43","PT_Inv4m","warm_PT_Inv4m"
3.93258993011909,1,"gc72","1","E6","ILLSINHA44",116,116,0,"V3 Leaf tissue","gc72154","warm","low",9,5,"F1",NA,"V3","3/2/2017","3/4/2017","warm_9_5_V3","3/14/2017","F1","H","gc72154_0","GC72_P1_ILLSINHA44_1.fq.gz","GC72_P1_ILLSINHA44_1.fq.gz","pass",800814,"GC72_P1_ILLSINHA44","F1_H","warm_F1_H"
3.57376017664542,0,"gc72","1","D6","ILLSINHA45",117,117,0,"V3 Leaf tissue","gc72158","warm","low",9,7,"B73",NA,"V3","3/2/2017","3/6/2017","warm_9_7_V3","3/14/2017","B73","B73","gc72158_0","GC72_P1_ILLSINHA45_1.fq.gz","GC72_P1_ILLSINHA45_1.fq.gz","pass",353823,"GC72_P1_ILLSINHA45","B73_B73","warm_B73_B73"
1.53978504316213,3,"gc72","1","C6","ILLSINHA46",116.1,116,1,"V3 Primary root","gc72154","warm","low",9,5,"F1",NA,"V3","3/2/2017","3/4/2017","warm_9_5_V3","3/14/2017","F1","H","gc72154_1","GC72_P1_ILLSINHA46_1.fq.gz","GC72_P1_ILLSINHA46_1.fq.gz","pass",2918849,"GC72_P1_ILLSINHA46","F1_H","warm_F1_H"
-0.948289975758943,0,"gc72","1","B6","ILLSINHA47",140.1,140,1,"V3 Primary root","gc72172","warm","low",10,5,"PT",NA,"V3","3/2/2017","3/6/2017","warm_10_5_V3","3/14/2017","PT","Inv4m","gc72172_1","GC72_P1_ILLSINHA47_1.fq.gz","GC72_P1_ILLSINHA47_1.fq.gz","pass",2643613,"GC72_P1_ILLSINHA47","PT_Inv4m","warm_PT_Inv4m"
-1.02662882735261,0,"gc72","1","A6","ILLSINHA48",117.1,117,1,"V3 Primary root","gc72158","warm","low",9,7,"B73",NA,"V3","3/2/2017","3/6/2017","warm_9_7_V3","3/14/2017","B73","B73","gc72158_1","GC72_P1_ILLSINHA48_1.fq.gz","GC72_P1_ILLSINHA48_1.fq.gz","pass",2508747,"GC72_P1_ILLSINHA48","B73_B73","warm_B73_B73"
-2.54689836099629,0,"gc72","1","H7","ILLSINHA49",226.1,226,1,"V3 Primary root","gc72356","cold","low",10,7,"F1",NA,"V3","3/2/2017","3/7/2017","cold_10_7_V3","3/23/2017","F1","H","gc72356_1","GC72_P1_ILLSINHA49_1.fq.gz","GC72_P1_ILLSINHA49_1.fq.gz","pass",7124882,"GC72_P1_ILLSINHA49","F1_H","cold_F1_H"
-2.2310976164226,0,"gc72","1","G7","ILLSINHA50",227.1,227,1,"V3 Primary root","gc72358","cold","low",10,8,"PT",NA,"V3","3/2/2017","3/8/2017","cold_10_8_V3","3/23/2017","PT","Inv4m","gc72358_1","GC72_P1_ILLSINHA50_1.fq.gz","GC72_P1_ILLSINHA50_1.fq.gz","pass",5920870,"GC72_P1_ILLSINHA50","PT_Inv4m","cold_PT_Inv4m"
-2.57911374523372,0,"gc72","1","F7","ILLSINHA51",274.1,274,1,"V3 Primary root","gc72346","cold","low",10,2,"B73",NA,"V3","3/2/2017","3/13/2017","cold_10_2_V3","3/28/2017","B73","B73","gc72346_1","GC72_P1_ILLSINHA51_1.fq.gz","GC72_P1_ILLSINHA51_1.fq.gz","pass",6945957,"GC72_P1_ILLSINHA51","B73_B73","cold_B73_B73"
6.29334922030383,0,"gc72","1","A11","ILLSINHA88",250,250,0,"V3 Leaf tissue","gc72190","cold","high",1,5,"B73",NA,"V3","3/2/2017","3/13/2017","cold_1_5_V3","3/28/2017","B73","B73","gc72190_0","GC72_P1_ILLSINHA88_1.fq.gz","GC72_P1_ILLSINHA88_1.fq.gz","pass",97,"GC72_P1_ILLSINHA88","B73_B73","cold_B73_B73"
4.27268109555556,38,"gc72","1","H12","ILLSINHA89",218,218,0,"V3 Leaf tissue","gc72182","cold","high",1,1,"PT",NA,"V3","3/2/2017","3/9/2017","cold_1_1_V3","3/23/2017","PT","Inv4m","gc72182_0","GC72_P1_ILLSINHA89_1.fq.gz","GC72_P1_ILLSINHA89_1.fq.gz","pass",4566803,"GC72_P1_ILLSINHA89","PT_Inv4m","cold_PT_Inv4m"
6.02636907534275,134,"gc72","1","G12","ILLSINHA90",234,234,0,"V3 Leaf tissue","gc72184","cold","high",1,2,"F1",NA,"V3","3/2/2017","3/8/2017","cold_1_2_V3","3/24/2017","F1","H","gc72184_0","GC72_P1_ILLSINHA90_1.fq.gz","GC72_P1_ILLSINHA90_1.fq.gz","pass",4651928,"GC72_P1_ILLSINHA90","F1_H","cold_F1_H"
1.82073588685355,6,"gc72","1","F12","ILLSINHA91",234.1,234,1,"V3 Primary root","gc72184","cold","high",1,2,"F1",NA,"V3","3/2/2017","3/8/2017","cold_1_2_V3","3/24/2017","F1","H","gc72184_1","GC72_P1_ILLSINHA91_1.fq.gz","GC72_P1_ILLSINHA91_1.fq.gz","pass",4097138,"GC72_P1_ILLSINHA91","F1_H","cold_F1_H"
-0.552695734880462,1,"gc72","1","E12","ILLSINHA92",218.1,218,1,"V3 Primary root","gc72182","cold","high",1,1,"PT",NA,"V3","3/2/2017","3/9/2017","cold_1_1_V3","3/23/2017","PT","Inv4m","gc72182_1","GC72_P1_ILLSINHA92_1.fq.gz","GC72_P1_ILLSINHA92_1.fq.gz","pass",5016235,"GC72_P1_ILLSINHA92","PT_Inv4m","cold_PT_Inv4m"
0.124918801163519,2,"gc72","1","D12","ILLSINHA93",250.1,250,1,"V3 Primary root","gc72190","cold","high",1,5,"B73",NA,"V3","3/2/2017","3/13/2017","cold_1_5_V3","3/28/2017","B73","B73","gc72190_1","GC72_P1_ILLSINHA93_1.fq.gz","GC72_P1_ILLSINHA93_1.fq.gz","pass",5051564,"GC72_P1_ILLSINHA93","B73_B73","cold_B73_B73"
3.99220873731489,14,"gc72","1","C12","ILLSINHA94",227,227,0,"V3 Leaf tissue","gc72358","cold","low",10,8,"PT",NA,"V3","3/2/2017","3/8/2017","cold_10_8_V3","3/23/2017","PT","Inv4m","gc72358_0","GC72_P1_ILLSINHA94_1.fq.gz","GC72_P1_ILLSINHA94_1.fq.gz","pass",2337521,"GC72_P1_ILLSINHA94","PT_Inv4m","cold_PT_Inv4m"
3.51940203245903,2,"gc72","1","B12","ILLSINHA95",226,226,0,"V3 Leaf tissue","gc72356","cold","low",10,7,"F1",NA,"V3","3/2/2017","3/7/2017","cold_10_7_V3","3/23/2017","F1","H","gc72356_0","GC72_P1_ILLSINHA95_1.fq.gz","GC72_P1_ILLSINHA95_1.fq.gz","pass",728663,"GC72_P1_ILLSINHA95","F1_H","cold_F1_H"
3.04522839282407,0,"gc72","1","A12","ILLSINHA96",274,274,0,"V3 Leaf tissue","gc72346","cold","low",10,2,"B73",NA,"V3","3/2/2017","3/13/2017","cold_10_2_V3","3/28/2017","B73","B73","gc72346_0","GC72_P1_ILLSINHA96_1.fq.gz","GC72_P1_ILLSINHA96_1.fq.gz","pass",121559,"GC72_P1_ILLSINHA96","B73_B73","cold_B73_B73"
4.02886945212143,30,"gc72","2","H1","ILLSINHA1",137,137,0,"V3 Leaf tissue","gc72166","warm","low",10,2,"B73",NA,"V3","3/2/2017",NA,"warm_10_2_V3","3/14/2017","B73","B73","gc72166_0","GC72_P2_ILLSINHA1_1.fq.gz","GC72_P2_ILLSINHA1_1.fq.gz","pass",3449340,"GC72_P2_ILLSINHA1","B73_B73","warm_B73_B73"
5.95800856361538,109,"gc72","2","G1","ILLSINHA2",141,141,0,"V3 Leaf tissue","gc72174","warm","low",10,6,"F1",NA,"V3","3/2/2017","3/6/2017","warm_10_6_V3","3/14/2017","F1","H","gc72174_0","GC72_P2_ILLSINHA2_1.fq.gz","GC72_P2_ILLSINHA2_1.fq.gz","pass",3043961,"GC72_P2_ILLSINHA2","F1_H","warm_F1_H"
1.84855053611234,2,"gc72","2","F1","ILLSINHA3",113,113,0,"V3 Leaf tissue","gc72148","warm","low",9,2,"PT",NA,"V3","3/2/2017","3/4/2017","warm_9_2_V3","3/14/2017","PT","Inv4m","gc72148_0","GC72_P2_ILLSINHA3_1.fq.gz","GC72_P2_ILLSINHA3_1.fq.gz","pass",1479125,"GC72_P2_ILLSINHA3","PT_Inv4m","warm_PT_Inv4m"
-0.929435406217244,0,"gc72","2","E1","ILLSINHA4",141.1,141,1,"V3 Primary root","gc72174","warm","low",10,6,"F1",NA,"V3","3/2/2017","3/6/2017","warm_10_6_V3","3/14/2017","F1","H","gc72174_1","GC72_P2_ILLSINHA4_1.fq.gz","GC72_P2_ILLSINHA4_1.fq.gz","pass",1675433,"GC72_P2_ILLSINHA4","F1_H","warm_F1_H"
-1.59463920660011,0,"gc72","2","D1","ILLSINHA5",113.1,113,1,"V3 Primary root","gc72148","warm","low",9,2,"PT",NA,"V3","3/2/2017","3/4/2017","warm_9_2_V3","3/14/2017","PT","Inv4m","gc72148_1","GC72_P2_ILLSINHA5_1.fq.gz","GC72_P2_ILLSINHA5_1.fq.gz","pass",2941636,"GC72_P2_ILLSINHA5","PT_Inv4m","warm_PT_Inv4m"
-0.619736837949719,0,"gc72","2","C1","ILLSINHA6",137.1,137,1,"V3 Primary root","gc72166","warm","low",10,2,"B73",NA,"V3","3/2/2017",NA,"warm_10_2_V3","3/14/2017","B73","B73","gc72166_1","GC72_P2_ILLSINHA6_1.fq.gz","GC72_P2_ILLSINHA6_1.fq.gz","pass",1272766,"GC72_P2_ILLSINHA6","B73_B73","warm_B73_B73"
4.82436682380436,61,"gc72","2","F6","ILLSINHA43",171,171,0,"V3 Leaf tissue","gc72060","warm","high",4,3,"PT",NA,"V3","3/2/2017","3/6/2017","warm_4_3_V3","3/15/2017","PT","Inv4m","gc72060_0","GC72_P2_ILLSINHA43_1.fq.gz","GC72_P2_ILLSINHA43_1.fq.gz","pass",4234407,"GC72_P2_ILLSINHA43","PT_Inv4m","warm_PT_Inv4m"
3.66578365331464,3,"gc72","2","D6","ILLSINHA45",103,103,0,"V3 Leaf tissue","gc72028","warm","high",2,5,"B73",NA,"V3","3/2/2017","3/6/2017","warm_2_5_V3","3/14/2017","B73","B73","gc72028_0","GC72_P2_ILLSINHA45_1.fq.gz","GC72_P2_ILLSINHA45_1.fq.gz","pass",734896,"GC72_P2_ILLSINHA45","B73_B73","warm_B73_B73"
-2.06994688619033,0,"gc72","2","C6","ILLSINHA46",103.1,103,1,"V3 Primary root","gc72028","warm","high",2,5,"B73",NA,"V3","3/2/2017","3/6/2017","warm_2_5_V3","3/14/2017","B73","B73","gc72028_1","GC72_P2_ILLSINHA46_1.fq.gz","GC72_P2_ILLSINHA46_1.fq.gz","pass",3550756,"GC72_P2_ILLSINHA46","B73_B73","warm_B73_B73"
-2.62771108310052,0,"gc72","2","B6","ILLSINHA47",171.1,171,1,"V3 Primary root","gc72060","warm","high",4,3,"PT",NA,"V3","3/2/2017","3/6/2017","warm_4_3_V3","3/15/2017","PT","Inv4m","gc72060_1","GC72_P2_ILLSINHA47_1.fq.gz","GC72_P2_ILLSINHA47_1.fq.gz","pass",4866077,"GC72_P2_ILLSINHA47","PT_Inv4m","warm_PT_Inv4m"
-0.694495399782345,1,"gc72","2","A6","ILLSINHA48",78.1,78,1,"V3 Primary root","gc72082","warm","high",5,5,"F1",NA,"V3","3/2/2017","3/6/2017","warm_5_5_V3","3/13/2017","F1","H","gc72082_1","GC72_P2_ILLSINHA48_1.fq.gz","GC72_P2_ILLSINHA48_1.fq.gz","pass",3854604,"GC72_P2_ILLSINHA48","F1_H","warm_F1_H"
-1.87717683879396,0,"gc72","2","H7","ILLSINHA49",290.1,290,1,"V3 Primary root","gc72238","cold","high",4,2,"B73",NA,"V3","3/2/2017","3/13/2017","cold_4_2_V3","3/28/2017","B73","B73","gc72238_1","GC72_P2_ILLSINHA49_1.fq.gz","GC72_P2_ILLSINHA49_1.fq.gz","pass",3963884,"GC72_P2_ILLSINHA49","B73_B73","cold_B73_B73"
1.15753563324697,12,"gc72","2","G7","ILLSINHA50",232.1,232,1,"V3 Primary root","gc72220","cold","high",3,2,"PT",NA,"V3","3/2/2017","3/8/2017","cold_3_2_V3","3/23/2017","PT","Inv4m","gc72220_1","GC72_P2_ILLSINHA50_1.fq.gz","GC72_P2_ILLSINHA50_1.fq.gz","pass",10779697,"GC72_P2_ILLSINHA50","PT_Inv4m","cold_PT_Inv4m"
-2.46659571423882,0,"gc72","2","F7","ILLSINHA51",220.1,220,1,"V3 Primary root","gc72270","cold","high",5,9,"F1",NA,"V3","3/2/2017","3/13/2017","cold_5_9_V3","3/23/2017","F1","H","gc72270_1","GC72_P2_ILLSINHA51_1.fq.gz","GC72_P2_ILLSINHA51_1.fq.gz","pass",5152570,"GC72_P2_ILLSINHA51","F1_H","cold_F1_H"
4.6253098439433,40,"gc72","2","E7","ILLSINHA52",228,228,0,"V3 Leaf tissue","gc72360","cold","low",10,9,"B73",NA,"V3","3/2/2017","3/9/2017","cold_10_9_V3","3/23/2017","B73","B73","gc72360_0","GC72_P2_ILLSINHA52_1.fq.gz","GC72_P2_ILLSINHA52_1.fq.gz","pass",2658763,"GC72_P2_ILLSINHA52","B73_B73","cold_B73_B73"
4.5594903873574,15,"gc72","2","D7","ILLSINHA53",230,230,0,"V3 Leaf tissue","gc72330","cold","low",9,3,"F1",NA,"V3","3/2/2017","3/8/2017","cold_9_3_V3","3/23/2017","F1","H","gc72330_0","GC72_P2_ILLSINHA53_1.fq.gz","GC72_P2_ILLSINHA53_1.fq.gz","pass",1247434,"GC72_P2_ILLSINHA53","F1_H","cold_F1_H"
3.424674780953,1,"gc72","2","C7","ILLSINHA54",229,229,0,"V3 Leaf tissue","gc72326","cold","low",9,1,"PT",NA,"V3","3/2/2017","3/7/2017","cold_9_1_V3","3/23/2017","PT","Inv4m","gc72326_0","GC72_P2_ILLSINHA54_1.fq.gz","GC72_P2_ILLSINHA54_1.fq.gz","pass",234110,"GC72_P2_ILLSINHA54","PT_Inv4m","cold_PT_Inv4m"
1.31898937345974,6,"gc72","2","B7","ILLSINHA55",230.1,230,1,"V3 Primary root","gc72330","cold","low",9,3,"F1",NA,"V3","3/2/2017","3/8/2017","cold_9_3_V3","3/23/2017","F1","H","gc72330_1","GC72_P2_ILLSINHA55_1.fq.gz","GC72_P2_ILLSINHA55_1.fq.gz","pass",4492948,"GC72_P2_ILLSINHA55","F1_H","cold_F1_H"
-2.45316327315096,0,"gc72","2","A7","ILLSINHA56",229.1,229,1,"V3 Primary root","gc72326","cold","low",9,1,"PT",NA,"V3","3/2/2017","3/7/2017","cold_9_1_V3","3/23/2017","PT","Inv4m","gc72326_1","GC72_P2_ILLSINHA56_1.fq.gz","GC72_P2_ILLSINHA56_1.fq.gz","pass",4690680,"GC72_P2_ILLSINHA56","PT_Inv4m","cold_PT_Inv4m"
-0.945353541134139,1,"gc72","2","H8","ILLSINHA57",228.1,228,1,"V3 Primary root","gc72360","cold","low",10,9,"B73",NA,"V3","3/2/2017","3/9/2017","cold_10_9_V3","3/23/2017","B73","B73","gc72360_1","GC72_P2_ILLSINHA57_1.fq.gz","GC72_P2_ILLSINHA57_1.fq.gz","pass",5402010,"GC72_P2_ILLSINHA57","B73_B73","cold_B73_B73"
4.94124928882852,38,"gc72","3","H1","ILLSINHA1",93,93,0,"V3 Leaf tissue","gc72016","warm","high",1,8,"B73",NA,"V3","3/2/2017","3/6/2017","warm_1_8_V3","3/13/2017","B73","B73","gc72016_0","GC72_P3_ILLSINHA1_1.fq.gz","GC72_P3_ILLSINHA1_1.fq.gz","pass",2680030,"GC72_P3_ILLSINHA1","B73_B73","warm_B73_B73"
2.98148129208801,0,"gc72","3","G1","ILLSINHA2",105,105,0,"V3 Leaf tissue","gc72036","warm","high",2,9,"F1",NA,"V3","3/2/2017","3/6/2017","warm_2_9_V3","3/14/2017","F1","H","gc72036_0","GC72_P3_ILLSINHA2_1.fq.gz","GC72_P3_ILLSINHA2_1.fq.gz","pass",527908,"GC72_P3_ILLSINHA2","F1_H","warm_F1_H"
0.661805230088624,1,"gc72","3","F1","ILLSINHA3",76,76,0,"V3 Leaf tissue","gc72078","warm","high",5,3,"PT",NA,"V3","3/2/2017","3/6/2017","warm_5_3_V3","3/13/2017","PT","Inv4m","gc72078_0","GC72_P3_ILLSINHA3_1.fq.gz","GC72_P3_ILLSINHA3_1.fq.gz","pass",2138756,"GC72_P3_ILLSINHA3","PT_Inv4m","warm_PT_Inv4m"
-2.24834366944615,0,"gc72","3","E1","ILLSINHA4",76.1,76,1,"V3 Primary root","gc72078","warm","high",5,3,"PT",NA,"V3","3/2/2017","3/6/2017","warm_5_3_V3","3/13/2017","PT","Inv4m","gc72078_1","GC72_P3_ILLSINHA4_1.fq.gz","GC72_P3_ILLSINHA4_1.fq.gz","pass",4149915,"GC72_P3_ILLSINHA4","PT_Inv4m","warm_PT_Inv4m"
-0.641372538556335,1,"gc72","3","D1","ILLSINHA5",93.1,93,1,"V3 Primary root","gc72016","warm","high",1,8,"B73",NA,"V3","3/2/2017","3/6/2017","warm_1_8_V3","3/13/2017","B73","B73","gc72016_1","GC72_P3_ILLSINHA5_1.fq.gz","GC72_P3_ILLSINHA5_1.fq.gz","pass",4074304,"GC72_P3_ILLSINHA5","B73_B73","warm_B73_B73"
0.592995784916073,1,"gc72","3","C1","ILLSINHA6",105.1,105,1,"V3 Primary root","gc72036","warm","high",2,9,"F1",NA,"V3","3/2/2017","3/6/2017","warm_2_9_V3","3/14/2017","F1","H","gc72036_1","GC72_P3_ILLSINHA6_1.fq.gz","GC72_P3_ILLSINHA6_1.fq.gz","pass",1908088,"GC72_P3_ILLSINHA6","F1_H","warm_F1_H"
1.92457915318741,3,"gc72","3","B1","ILLSINHA7",114,114,0,"V3 Leaf tissue","gc72150","warm","low",9,3,"F1",NA,"V3","3/2/2017","3/4/2017","warm_9_3_V3","3/14/2017","F1","H","gc72150_0","GC72_P3_ILLSINHA7_1.fq.gz","GC72_P3_ILLSINHA7_1.fq.gz","pass",2155144,"GC72_P3_ILLSINHA7","F1_H","warm_F1_H"
3.95558480278077,29,"gc72","3","A1","ILLSINHA8",144,144,0,"V3 Leaf tissue","gc72180","warm","low",10,9,"PT",NA,"V3","3/2/2017","3/6/2017","warm_10_9_V3","3/14/2017","PT","Inv4m","gc72180_0","GC72_P3_ILLSINHA8_1.fq.gz","GC72_P3_ILLSINHA8_1.fq.gz","pass",3566139,"GC72_P3_ILLSINHA8","PT_Inv4m","warm_PT_Inv4m"
3.87938653724556,28,"gc72","3","H2","ILLSINHA9",118,118,0,"V3 Leaf tissue","gc72162","warm","low",9,9,"B73",NA,"V3","3/2/2017","3/6/2017","warm_9_9_V3","3/14/2017","B73","B73","gc72162_0","GC72_P3_ILLSINHA9_1.fq.gz","GC72_P3_ILLSINHA9_1.fq.gz","pass",3966526,"GC72_P3_ILLSINHA9","B73_B73","warm_B73_B73"
-2.29949554342035,0,"gc72","3","G2","ILLSINHA10",144.1,144,1,"V3 Primary root","gc72180","warm","low",10,9,"PT",NA,"V3","3/2/2017","3/6/2017","warm_10_9_V3","3/14/2017","PT","Inv4m","gc72180_1","GC72_P3_ILLSINHA10_1.fq.gz","GC72_P3_ILLSINHA10_1.fq.gz","pass",4999385,"GC72_P3_ILLSINHA10","PT_Inv4m","warm_PT_Inv4m"
0.0181377053554101,1,"gc72","3","F2","ILLSINHA11",114.1,114,1,"V3 Primary root","gc72150","warm","low",9,3,"F1",NA,"V3","3/2/2017","3/4/2017","warm_9_3_V3","3/14/2017","F1","H","gc72150_1","GC72_P3_ILLSINHA11_1.fq.gz","GC72_P3_ILLSINHA11_1.fq.gz","pass",2886473,"GC72_P3_ILLSINHA11","F1_H","warm_F1_H"
0.500739290514564,1,"gc72","3","E2","ILLSINHA12",118.1,118,1,"V3 Primary root","gc72162","warm","low",9,9,"B73",NA,"V3","3/2/2017","3/6/2017","warm_9_9_V3","3/14/2017","B73","B73","gc72162_1","GC72_P3_ILLSINHA12_1.fq.gz","GC72_P3_ILLSINHA12_1.fq.gz","pass",2047187,"GC72_P3_ILLSINHA12","B73_B73","warm_B73_B73"
4.98945229817452,74,"gc72","3","D7","ILLSINHA53",235,235,0,"V3 Leaf tissue","gc72212","cold","high",2,7,"B73",NA,"V3","3/2/2017","3/13/2017","cold_2_7_V3","3/24/2017","B73","B73","gc72212_0","GC72_P3_ILLSINHA53_1.fq.gz","GC72_P3_ILLSINHA53_1.fq.gz","pass",4520048,"GC72_P3_ILLSINHA53","B73_B73","cold_B73_B73"
4.4096140005946,19,"gc72","3","C7","ILLSINHA54",221,221,0,"V3 Leaf tissue","gc72242","cold","high",4,4,"F1",NA,"V3","3/2/2017","3/8/2017","cold_4_4_V3","3/23/2017","F1","H","gc72242_0","GC72_P3_ILLSINHA54_1.fq.gz","GC72_P3_ILLSINHA54_1.fq.gz","pass",1676439,"GC72_P3_ILLSINHA54","F1_H","cold_F1_H"
4.94045120718684,44,"gc72","3","B7","ILLSINHA55",219,219,0,"V3 Leaf tissue","gc72258","cold","high",5,3,"PT",NA,"V3","3/2/2017","3/8/2017","cold_5_3_V3","3/23/2017","PT","Inv4m","gc72258_0","GC72_P3_ILLSINHA55_1.fq.gz","GC72_P3_ILLSINHA55_1.fq.gz","pass",2650503,"GC72_P3_ILLSINHA55","PT_Inv4m","cold_PT_Inv4m"
-1.13576940926662,0,"gc72","3","A7","ILLSINHA56",219.1,219,1,"V3 Primary root","gc72258","cold","high",5,3,"PT",NA,"V3","3/2/2017","3/8/2017","cold_5_3_V3","3/23/2017","PT","Inv4m","gc72258_1","GC72_P3_ILLSINHA56_1.fq.gz","GC72_P3_ILLSINHA56_1.fq.gz","pass",2588564,"GC72_P3_ILLSINHA56","PT_Inv4m","cold_PT_Inv4m"
-2.34584148809772,0,"gc72","3","H8","ILLSINHA57",235.1,235,1,"V3 Primary root","gc72212","cold","high",2,7,"B73",NA,"V3","3/2/2017","3/13/2017","cold_2_7_V3","3/24/2017","B73","B73","gc72212_1","GC72_P3_ILLSINHA57_1.fq.gz","GC72_P3_ILLSINHA57_1.fq.gz","pass",5078326,"GC72_P3_ILLSINHA57","B73_B73","cold_B73_B73"
-2.30464157873628,0,"gc72","3","G8","ILLSINHA58",221.1,221,1,"V3 Primary root","gc72242","cold","high",4,4,"F1",NA,"V3","3/2/2017","3/8/2017","cold_4_4_V3","3/23/2017","F1","H","gc72242_1","GC72_P3_ILLSINHA58_1.fq.gz","GC72_P3_ILLSINHA58_1.fq.gz","pass",4390333,"GC72_P3_ILLSINHA58","F1_H","cold_F1_H"
3.69373633978849,10,"gc72","3","F8","ILLSINHA59",224,224,0,"V3 Leaf tissue","gc72344","cold","low",10,1,"F1",NA,"V3","3/2/2017","3/9/2017","cold_10_1_V3","3/23/2017","F1","H","gc72344_0","GC72_P3_ILLSINHA59_1.fq.gz","GC72_P3_ILLSINHA59_1.fq.gz","pass",1690383,"GC72_P3_ILLSINHA59","F1_H","cold_F1_H"
3.06804524377435,0,"gc72","3","E8","ILLSINHA60",276,276,0,"V3 Leaf tissue","gc72352","cold","low",10,5,"PT",NA,"V3","3/2/2017","3/13/2017","cold_10_5_V3","3/28/2017","PT","Inv4m","gc72352_0","GC72_P3_ILLSINHA60_1.fq.gz","GC72_P3_ILLSINHA60_1.fq.gz","pass",190084,"GC72_P3_ILLSINHA60","PT_Inv4m","cold_PT_Inv4m"
5.51475010936595,123,"gc72","3","D8","ILLSINHA61",283,283,0,"V3 Leaf tissue","gc72338","cold","low",9,7,"B73",NA,"V3","3/2/2017","3/8/2017","cold_9_7_V3","3/28/2017","B73","B73","gc72338_0","GC72_P3_ILLSINHA61_1.fq.gz","GC72_P3_ILLSINHA61_1.fq.gz","pass",4878534,"GC72_P3_ILLSINHA61","B73_B73","cold_B73_B73"
-1.3337282954956,0,"gc72","3","C8","ILLSINHA62",276.1,276,1,"V3 Primary root","gc72352","cold","low",10,5,"PT",NA,"V3","3/2/2017","3/13/2017","cold_10_5_V3","3/28/2017","PT","Inv4m","gc72352_1","GC72_P3_ILLSINHA62_1.fq.gz","GC72_P3_ILLSINHA62_1.fq.gz","pass",2414490,"GC72_P3_ILLSINHA62","PT_Inv4m","cold_PT_Inv4m"
0.898515320028797,0,"gc72","3","B8","ILLSINHA63",224.1,224,1,"V3 Primary root","gc72344","cold","low",10,1,"F1",NA,"V3","3/2/2017","3/9/2017","cold_10_1_V3","3/23/2017","F1","H","gc72344_1","GC72_P3_ILLSINHA63_1.fq.gz","GC72_P3_ILLSINHA63_1.fq.gz","pass",652947,"GC72_P3_ILLSINHA63","F1_H","cold_F1_H"
0.377322703661273,2,"gc72","3","A8","ILLSINHA64",283.1,283,1,"V3 Primary root","gc72338","cold","low",9,7,"B73",NA,"V3","3/2/2017","3/8/2017","cold_9_7_V3","3/28/2017","B73","B73","gc72338_1","GC72_P3_ILLSINHA64_1.fq.gz","GC72_P3_ILLSINHA64_1.fq.gz","pass",3494606,"GC72_P3_ILLSINHA64","B73_B73","cold_B73_B73"
1.15744898288233,0,"gc73","4","D5","ILLSINHA37",84,84,0,"V3 Leaf tissue","gc73026","warm","high",2,4,"F1",NA,"V3","4/21/2017","4/24/2017","warm_2_4_V3","5/2/2017","F1","H","gc73026_0","GC73_P4_ILLSINHA37_1.fq.gz","GC73_P4_ILLSINHA37_1.fq.gz","pass",517569,"GC73_P4_ILLSINHA37","F1_H","warm_F1_H"
2.92948799591903,1,"gc73","4","C5","ILLSINHA38",105,105,0,"V3 Leaf tissue","gc73056","warm","high",4,1,"PT",NA,"V3","4/21/2017","4/25/2017","warm_4_1_V3","5/2/2017","PT","Inv4m","gc73056_0","GC73_P4_ILLSINHA38_1.fq.gz","GC73_P4_ILLSINHA38_1.fq.gz","pass",739340,"GC73_P4_ILLSINHA38","PT_Inv4m","warm_PT_Inv4m"
3.45231078165103,3,"gc73","4","B5","ILLSINHA39",156,156,0,"V3 Leaf tissue","gc73052","warm","high",3,8,"B73",NA,"V3","4/21/2017","4/25/2017","warm_3_8_V3","5/3/2017","B73","B73","gc73052_0","GC73_P4_ILLSINHA39_1.fq.gz","GC73_P4_ILLSINHA39_1.fq.gz","pass",703649,"GC73_P4_ILLSINHA39","B73_B73","warm_B73_B73"
-2.76096780229462,0,"gc73","4","A5","ILLSINHA40",105.1,105,1,"V3 Primary root","gc73056","warm","high",4,1,"PT",NA,"V3","4/21/2017","4/25/2017","warm_4_1_V3","5/2/2017","PT","Inv4m","gc73056_1","GC73_P4_ILLSINHA40_1.fq.gz","GC73_P4_ILLSINHA40_1.fq.gz","pass",6869374,"GC73_P4_ILLSINHA40","PT_Inv4m","warm_PT_Inv4m"
-0.0109730770655861,4,"gc73","4","H6","ILLSINHA41",84.1,84,1,"V3 Primary root","gc73026","warm","high",2,4,"F1",NA,"V3","4/21/2017","4/24/2017","warm_2_4_V3","5/2/2017","F1","H","gc73026_1","GC73_P4_ILLSINHA41_1.fq.gz","GC73_P4_ILLSINHA41_1.fq.gz","pass",8376208,"GC73_P4_ILLSINHA41","F1_H","warm_F1_H"
-0.898190051762488,0,"gc73","4","G6","ILLSINHA42",156.1,156,1,"V3 Primary root","gc73052","warm","high",3,8,"B73",NA,"V3","4/21/2017","4/25/2017","warm_3_8_V3","5/3/2017","B73","B73","gc73052_1","GC73_P4_ILLSINHA42_1.fq.gz","GC73_P4_ILLSINHA42_1.fq.gz","pass",1604660,"GC73_P4_ILLSINHA42","B73_B73","warm_B73_B73"
3.39614680697116,4,"gc73","4","F6","ILLSINHA43",159,159,0,"V3 Leaf tissue","gc73148","warm","low",9,2,"F1",NA,"V3","4/21/2017","4/25/2017","warm_9_2_V3","5/4/2017","F1","H","gc73148_0","GC73_P4_ILLSINHA43_1.fq.gz","GC73_P4_ILLSINHA43_1.fq.gz","pass",960862,"GC73_P4_ILLSINHA43","F1_H","warm_F1_H"
5.81629020344543,73,"gc73","4","E6","ILLSINHA44",119,119,0,"V3 Leaf tissue","gc73154","warm","low",9,5,"PT",NA,"V3","4/21/2017","4/25/2017","warm_9_5_V3","5/2/2017","PT","Inv4m","gc73154_0","GC73_P4_ILLSINHA44_1.fq.gz","GC73_P4_ILLSINHA44_1.fq.gz","pass",2563413,"GC73_P4_ILLSINHA44","PT_Inv4m","warm_PT_Inv4m"
1.80046654339267,0,"gc73","4","D6","ILLSINHA45",129,129,0,"V3 Leaf tissue","gc73176","warm","low",10,7,"B73",NA,"V3","4/21/2017","4/25/2017","warm_10_7_V3","5/2/2017","B73","B73","gc73176_0","GC73_P4_ILLSINHA45_1.fq.gz","GC73_P4_ILLSINHA45_1.fq.gz","pass",273581,"GC73_P4_ILLSINHA45","B73_B73","warm_B73_B73"
0.344619436981051,1,"gc73","4","C6","ILLSINHA46",119.1,119,1,"V3 Primary root","gc73154","warm","low",9,5,"PT",NA,"V3","4/21/2017","4/25/2017","warm_9_5_V3","5/2/2017","PT","Inv4m","gc73154_1","GC73_P4_ILLSINHA46_1.fq.gz","GC73_P4_ILLSINHA46_1.fq.gz","pass",2492717,"GC73_P4_ILLSINHA46","PT_Inv4m","warm_PT_Inv4m"
-2.62007574577168,0,"gc73","4","B6","ILLSINHA47",129.1,129,1,"V3 Primary root","gc73176","warm","low",10,7,"B73",NA,"V3","4/21/2017","4/25/2017","warm_10_7_V3","5/2/2017","B73","B73","gc73176_1","GC73_P4_ILLSINHA47_1.fq.gz","GC73_P4_ILLSINHA47_1.fq.gz","pass",5619005,"GC73_P4_ILLSINHA47","B73_B73","warm_B73_B73"
-2.06663139351739,0,"gc73","4","A6","ILLSINHA48",159.1,159,1,"V3 Primary root","gc73148","warm","low",9,2,"F1",NA,"V3","4/21/2017","4/25/2017","warm_9_2_V3","5/4/2017","F1","H","gc73148_1","GC73_P4_ILLSINHA48_1.fq.gz","GC73_P4_ILLSINHA48_1.fq.gz","pass",4198327,"GC73_P4_ILLSINHA48","F1_H","warm_F1_H"
0.78163916807032,4,"gc73","4","H7","ILLSINHA49",247.1,247,1,"V3 Primary root","gc73340","cold","low",9,8,"PT",NA,"V3","4/21/2017","4/28/2017","cold_9_8_V3","5/12/2017","PT","Inv4m","gc73340_1","GC73_P4_ILLSINHA49_1.fq.gz","GC73_P4_ILLSINHA49_1.fq.gz","pass",4890020,"GC73_P4_ILLSINHA49","PT_Inv4m","cold_PT_Inv4m"
-1.91121824993254,1,"gc73","4","G7","ILLSINHA50",293.1,293,1,"V3 Primary root","gc73342","cold","low",9,9,"B73",NA,"V3","4/21/2017","4/30/2017","cold_9_9_V3","5/15/2017","B73","B73","gc73342_1","GC73_P4_ILLSINHA50_1.fq.gz","GC73_P4_ILLSINHA50_1.fq.gz","pass",10188909,"GC73_P4_ILLSINHA50","B73_B73","cold_B73_B73"
-0.290083699246299,1,"gc73","4","F7","ILLSINHA51",290.1,290,1,"V3 Primary root","gc73332","cold","low",9,4,"F1",NA,"V3","4/21/2017","4/28/2017","cold_9_4_V3","5/15/2017","F1","H","gc73332_1","GC73_P4_ILLSINHA51_1.fq.gz","GC73_P4_ILLSINHA51_1.fq.gz","pass",3199057,"GC73_P4_ILLSINHA51","F1_H","cold_F1_H"
5.79824275084374,122,"gc73","4","A11","ILLSINHA88",242,242,0,"V3 Leaf tissue","gc73212","cold","high",2,7,"F1",NA,"V3","4/21/2017","4/28/2017","cold_2_7_V3","5/12/2017","F1","H","gc73212_0","GC73_P4_ILLSINHA88_1.fq.gz","GC73_P4_ILLSINHA88_1.fq.gz","pass",4706340,"GC73_P4_ILLSINHA88","F1_H","cold_F1_H"
3.98543536381983,0,"gc73","4","H12","ILLSINHA89",248,248,0,"V3 Leaf tissue","gc73190","cold","high",1,5,"PT",NA,"V3","4/21/2017","4/27/2017","cold_1_5_V3","5/12/2017","PT","Inv4m","gc73190_0","GC73_P4_ILLSINHA89_1.fq.gz","GC73_P4_ILLSINHA89_1.fq.gz","pass",160880,"GC73_P4_ILLSINHA89","PT_Inv4m","cold_PT_Inv4m"
5.37385129989353,55,"gc73","4","G12","ILLSINHA90",296,296,0,"V3 Leaf tissue","gc73226","cold","high",3,5,"B73",NA,"V3","4/21/2017","4/28/2017","cold_3_5_V3","5/16/2017","B73","B73","gc73226_0","GC73_P4_ILLSINHA90_1.fq.gz","GC73_P4_ILLSINHA90_1.fq.gz","pass",2975960,"GC73_P4_ILLSINHA90","B73_B73","cold_B73_B73"
-0.677764950180496,2,"gc73","4","F12","ILLSINHA91",248.1,248,1,"V3 Primary root","gc73190","cold","high",1,5,"PT",NA,"V3","4/21/2017","4/27/2017","cold_1_5_V3","5/12/2017","PT","Inv4m","gc73190_1","GC73_P4_ILLSINHA91_1.fq.gz","GC73_P4_ILLSINHA91_1.fq.gz","pass",7546944,"GC73_P4_ILLSINHA91","PT_Inv4m","cold_PT_Inv4m"
-2.3330083918023,0,"gc73","4","E12","ILLSINHA92",242.1,242,1,"V3 Primary root","gc73212","cold","high",2,7,"F1",NA,"V3","4/21/2017","4/28/2017","cold_2_7_V3","5/12/2017","F1","H","gc73212_1","GC73_P4_ILLSINHA92_1.fq.gz","GC73_P4_ILLSINHA92_1.fq.gz","pass",5228851,"GC73_P4_ILLSINHA92","F1_H","cold_F1_H"
-2.89853994724191,0,"gc73","4","D12","ILLSINHA93",296.1,296,1,"V3 Primary root","gc73226","cold","high",3,5,"B73",NA,"V3","4/21/2017","4/28/2017","cold_3_5_V3","5/16/2017","B73","B73","gc73226_1","GC73_P4_ILLSINHA93_1.fq.gz","GC73_P4_ILLSINHA93_1.fq.gz","pass",6927219,"GC73_P4_ILLSINHA93","B73_B73","cold_B73_B73"
5.16817866462162,9,"gc73","4","C12","ILLSINHA94",290,290,0,"V3 Leaf tissue","gc73332","cold","low",9,4,"F1",NA,"V3","4/21/2017","4/28/2017","cold_9_4_V3","5/15/2017","F1","H","gc73332_0","GC73_P4_ILLSINHA94_1.fq.gz","GC73_P4_ILLSINHA94_1.fq.gz","pass",1103460,"GC73_P4_ILLSINHA94","F1_H","cold_F1_H"
4.38622629689804,20,"gc73","4","B12","ILLSINHA95",247,247,0,"V3 Leaf tissue","gc73340","cold","low",9,8,"PT",NA,"V3","4/21/2017","4/28/2017","cold_9_8_V3","5/12/2017","PT","Inv4m","gc73340_0","GC73_P4_ILLSINHA95_1.fq.gz","GC73_P4_ILLSINHA95_1.fq.gz","pass",2244024,"GC73_P4_ILLSINHA95","PT_Inv4m","cold_PT_Inv4m"
7.07824128637175,21,"gc73","4","A12","ILLSINHA96",293,293,0,"V3 Leaf tissue","gc73342","cold","low",9,9,"B73",NA,"V3","4/21/2017","4/30/2017","cold_9_9_V3","5/15/2017","B73","B73","gc73342_0","GC73_P4_ILLSINHA96_1.fq.gz","GC73_P4_ILLSINHA96_1.fq.gz","pass",292612,"GC73_P4_ILLSINHA96","B73_B73","cold_B73_B73"
5.29698342777533,106,"gc73","5","H1","ILLSINHA1",122,122,0,"V3 Leaf tissue","gc73160","warm","low",9,8,"F1",NA,"V3","4/21/2017","4/25/2017","warm_9_8_V3","5/2/2017","F1","H","gc73160_0","GC73_P5_ILLSINHA1_1.fq.gz","GC73_P5_ILLSINHA1_1.fq.gz",NA,NA,"GC73_P5_ILLSINHA1","F1_H","warm_F1_H"
3.97430896547474,41,"gc73","5","G1","ILLSINHA2",120,120,0,"V3 Leaf tissue","gc73156","warm","low",9,6,"PT",NA,"V3","4/21/2017","4/24/2017","warm_9_6_V3","5/2/2017","PT","Inv4m","gc73156_0","GC73_P5_ILLSINHA2_1.fq.gz","GC73_P5_ILLSINHA2_1.fq.gz",NA,NA,"GC73_P5_ILLSINHA2","PT_Inv4m","warm_PT_Inv4m"
4.78899161588432,62,"gc73","5","F1","ILLSINHA3",127,127,0,"V3 Leaf tissue","gc73172","warm","low",10,5,"B73",NA,"V3","4/21/2017","4/26/2017","warm_10_5_V3","5/2/2017","B73","B73","gc73172_0","GC73_P5_ILLSINHA3_1.fq.gz","GC73_P5_ILLSINHA3_1.fq.gz",NA,NA,"GC73_P5_ILLSINHA3","B73_B73","warm_B73_B73"
-1.48027136398706,2,"gc73","5","E1","ILLSINHA4",127.1,127,1,"V3 Primary root","gc73172","warm","low",10,5,"B73",NA,"V3","4/21/2017","4/26/2017","warm_10_5_V3","5/2/2017","B73","B73","gc73172_1","GC73_P5_ILLSINHA4_1.fq.gz","GC73_P5_ILLSINHA4_1.fq.gz",NA,NA,"GC73_P5_ILLSINHA4","B73_B73","warm_B73_B73"
0.401129538087858,1,"gc73","5","D1","ILLSINHA5",120.1,120,1,"V3 Primary root","gc73156","warm","low",9,6,"PT",NA,"V3","4/21/2017","4/24/2017","warm_9_6_V3","5/2/2017","PT","Inv4m","gc73156_1","GC73_P5_ILLSINHA5_1.fq.gz","GC73_P5_ILLSINHA5_1.fq.gz",NA,NA,"GC73_P5_ILLSINHA5","PT_Inv4m","warm_PT_Inv4m"
-1.53116613863415,0,"gc73","5","C1","ILLSINHA6",122.1,122,1,"V3 Primary root","gc73160","warm","low",9,8,"F1",NA,"V3","4/21/2017","4/25/2017","warm_9_8_V3","5/2/2017","F1","H","gc73160_1","GC73_P5_ILLSINHA6_1.fq.gz","GC73_P5_ILLSINHA6_1.fq.gz",NA,NA,"GC73_P5_ILLSINHA6","F1_H","warm_F1_H"
4.70760569862472,5,"gc73","5","F6","ILLSINHA43",116,116,0,"V3 Leaf tissue","gc73086","warm","high",5,7,"PT",NA,"V3","4/21/2017","4/25/2017","warm_5_7_V3","5/2/2017","PT","Inv4m","gc73086_0","GC73_P5_ILLSINHA43_1.fq.gz","GC73_P5_ILLSINHA43_1.fq.gz","pass",499294,"GC73_P5_ILLSINHA43","PT_Inv4m","warm_PT_Inv4m"
3.36618338895055,18,"gc73","5","E6","ILLSINHA44",107,107,0,"V3 Leaf tissue","gc73064","warm","high",4,5,"F1",NA,"V3","4/21/2017","4/25/2017","warm_4_5_V3","5/2/2017","F1","H","gc73064_0","GC73_P5_ILLSINHA44_1.fq.gz","GC73_P5_ILLSINHA44_1.fq.gz","pass",3422070,"GC73_P5_ILLSINHA44","F1_H","warm_F1_H"
2.55625871148218,4,"gc73","5","D6","ILLSINHA45",115,115,0,"V3 Leaf tissue","gc73084","warm","high",5,6,"B73",NA,"V3","4/21/2017","4/26/2017","warm_5_6_V3","5/2/2017","B73","B73","gc73084_0","GC73_P5_ILLSINHA45_1.fq.gz","GC73_P5_ILLSINHA45_1.fq.gz","pass",1218344,"GC73_P5_ILLSINHA45","B73_B73","warm_B73_B73"
4.65971373146927,0,"gc73","5","C6","ILLSINHA46",107.1,107,1,"V3 Primary root","gc73064","warm","high",4,5,"F1",NA,"V3","4/21/2017","4/25/2017","warm_4_5_V3","5/2/2017","F1","H","gc73064_1","GC73_P5_ILLSINHA46_1.fq.gz","GC73_P5_ILLSINHA46_1.fq.gz","pass",32634,"GC73_P5_ILLSINHA46","F1_H","warm_F1_H"
-2.51460811134459,0,"gc73","5","B6","ILLSINHA47",116.1,116,1,"V3 Primary root","gc73086","warm","high",5,7,"PT",NA,"V3","4/21/2017","4/25/2017","warm_5_7_V3","5/2/2017","PT","Inv4m","gc73086_1","GC73_P5_ILLSINHA47_1.fq.gz","GC73_P5_ILLSINHA47_1.fq.gz","pass",4467546,"GC73_P5_ILLSINHA47","PT_Inv4m","warm_PT_Inv4m"
-3.49336689102273,0,"gc73","5","A6","ILLSINHA48",115.1,115,1,"V3 Primary root","gc73084","warm","high",5,6,"B73",NA,"V3","4/21/2017","4/26/2017","warm_5_6_V3","5/2/2017","B73","B73","gc73084_1","GC73_P5_ILLSINHA48_1.fq.gz","GC73_P5_ILLSINHA48_1.fq.gz","pass",8440585,"GC73_P5_ILLSINHA48","B73_B73","warm_B73_B73"
0.107739751803557,2,"gc73","5","H7","ILLSINHA49",299.1,299,1,"V3 Primary root","gc73262","cold","high",5,5,"F1",NA,"V3","4/21/2017","4/29/2017","cold_5_5_V3","5/16/2017","F1","H","gc73262_1","GC73_P5_ILLSINHA49_1.fq.gz","GC73_P5_ILLSINHA49_1.fq.gz","pass",3716657,"GC73_P5_ILLSINHA49","F1_H","cold_F1_H"
-1.16630227010284,2,"gc73","5","G7","ILLSINHA50",241.1,241,1,"V3 Primary root","gc73200","cold","high",2,1,"PT",NA,"V3","4/21/2017","4/27/2017","cold_2_1_V3","5/12/2017","PT","Inv4m","gc73200_1","GC73_P5_ILLSINHA50_1.fq.gz","GC73_P5_ILLSINHA50_1.fq.gz","pass",8540740,"GC73_P5_ILLSINHA50","PT_Inv4m","cold_PT_Inv4m"
-2.82395857700837,0,"gc73","5","F7","ILLSINHA51",264.1,264,1,"V3 Primary root","gc73206","cold","high",2,4,"B73",NA,"V3","4/21/2017","4/29/2017","cold_2_4_V3","5/15/2017","B73","B73","gc73206_1","GC73_P5_ILLSINHA51_1.fq.gz","GC73_P5_ILLSINHA51_1.fq.gz","pass",4962705,"GC73_P5_ILLSINHA51","B73_B73","cold_B73_B73"
5.72390507910366,34,"gc73","5","E7","ILLSINHA52",245,245,0,"V3 Leaf tissue","gc73328","cold","low",9,2,"F1",NA,"V3","4/21/2017","4/28/2017","cold_9_2_V3","5/12/2017","F1","H","gc73328_0","GC73_P5_ILLSINHA52_1.fq.gz","GC73_P5_ILLSINHA52_1.fq.gz","pass",1039337,"GC73_P5_ILLSINHA52","F1_H","cold_F1_H"
4.80256984426983,58,"gc73","5","D7","ILLSINHA53",284,284,0,"V3 Leaf tissue","gc73356","cold","low",10,7,"PT",NA,"V3","4/21/2017","4/28/2017","cold_10_7_V3","5/15/2017","PT","Inv4m","gc73356_0","GC73_P5_ILLSINHA53_1.fq.gz","GC73_P5_ILLSINHA53_1.fq.gz","pass",3202241,"GC73_P5_ILLSINHA53","PT_Inv4m","cold_PT_Inv4m"
4.49789193290365,0,"gc73","5","C7","ILLSINHA54",292,292,0,"V3 Leaf tissue","gc73336","cold","low",9,6,"B73",NA,"V3","4/21/2017","4/28/2017","cold_9_6_V3","5/15/2017","B73","B73","gc73336_0","GC73_P5_ILLSINHA54_1.fq.gz","GC73_P5_ILLSINHA54_1.fq.gz","pass",43237,"GC73_P5_ILLSINHA54","B73_B73","cold_B73_B73"
-2.57689391652002,1,"gc73","5","B7","ILLSINHA55",292.1,292,1,"V3 Primary root","gc73336","cold","low",9,6,"B73",NA,"V3","4/21/2017","4/28/2017","cold_9_6_V3","5/15/2017","B73","B73","gc73336_1","GC73_P5_ILLSINHA55_1.fq.gz","GC73_P5_ILLSINHA55_1.fq.gz","pass",13710012,"GC73_P5_ILLSINHA55","B73_B73","cold_B73_B73"
-2.51055858392134,0,"gc73","5","A7","ILLSINHA56",284.1,284,1,"V3 Primary root","gc73356","cold","low",10,7,"PT",NA,"V3","4/21/2017","4/28/2017","cold_10_7_V3","5/15/2017","PT","Inv4m","gc73356_1","GC73_P5_ILLSINHA56_1.fq.gz","GC73_P5_ILLSINHA56_1.fq.gz","pass",4539276,"GC73_P5_ILLSINHA56","PT_Inv4m","cold_PT_Inv4m"
5.40921544328867,0,"gc73","5","H8","ILLSINHA57",245.1,245,1,"V3 Primary root","gc73328","cold","low",9,2,"F1",NA,"V3","4/21/2017","4/28/2017","cold_9_2_V3","5/12/2017","F1","H","gc73328_1","GC73_P5_ILLSINHA57_1.fq.gz","GC73_P5_ILLSINHA57_1.fq.gz","pass",1041,"GC73_P5_ILLSINHA57","F1_H","cold_F1_H"
3.74361695856422,0,"gc73","5","C12","ILLSINHA94",241,241,0,"V3 Leaf tissue","gc73200","cold","high",2,1,"PT",NA,"V3","4/21/2017","4/27/2017","cold_2_1_V3","5/12/2017","PT","Inv4m","gc73200_0","GC73_P5_ILLSINHA94_1.fq.gz","GC73_P5_ILLSINHA94_1.fq.gz","pass",109210,"GC73_P5_ILLSINHA94","PT_Inv4m","cold_PT_Inv4m"
5.2565800860963,0,"gc73","5","B12","ILLSINHA95",299,299,0,"V3 Leaf tissue","gc73262","cold","high",5,5,"F1",NA,"V3","4/21/2017","4/29/2017","cold_5_5_V3","5/16/2017","F1","H","gc73262_0","GC73_P5_ILLSINHA95_1.fq.gz","GC73_P5_ILLSINHA95_1.fq.gz","pass",12421,"GC73_P5_ILLSINHA95","F1_H","cold_F1_H"
5.4315611466697,1,"gc73","5","A12","ILLSINHA96",264,264,0,"V3 Leaf tissue","gc73206","cold","high",2,4,"B73",NA,"V3","4/21/2017","4/29/2017","cold_2_4_V3","5/15/2017","B73","B73","gc73206_0","GC73_P5_ILLSINHA96_1.fq.gz","GC73_P5_ILLSINHA96_1.fq.gz","pass",30793,"GC73_P5_ILLSINHA96","B73_B73","cold_B73_B73"
3.49647527250753,7,"gc73","6","H1","ILLSINHA1",117,117,0,"V3 Leaf tissue","gc73088","warm","high",5,8,"F1",NA,"V3","4/21/2017","4/24/2017","warm_5_8_V3","5/2/2017","F1","H","gc73088_0","GC73_P6_ILLSINHA1_1.fq.gz","GC73_P6_ILLSINHA1_1.fq.gz",NA,NA,"GC73_P6_ILLSINHA1","F1_H","warm_F1_H"
5.3963947472722,7,"gc73","6","G1","ILLSINHA2",82,82,0,"V3 Leaf tissue","gc73022","warm","high",2,2,"B73",NA,"V3","4/21/2017","4/25/2017","warm_2_2_V3","5/2/2017","B73","B73","gc73022_0","GC73_P6_ILLSINHA2_1.fq.gz","GC73_P6_ILLSINHA2_1.fq.gz",NA,NA,"GC73_P6_ILLSINHA2","B73_B73","warm_B73_B73"
1.9354653120187,1,"gc73","6","F1","ILLSINHA3",85,85,0,"V3 Leaf tissue","gc73028","warm","high",2,5,"PT",NA,"V3","4/21/2017","4/24/2017","warm_2_5_V3","5/2/2017","PT","Inv4m","gc73028_0","GC73_P6_ILLSINHA3_1.fq.gz","GC73_P6_ILLSINHA3_1.fq.gz",NA,NA,"GC73_P6_ILLSINHA3","PT_Inv4m","warm_PT_Inv4m"
-2.54491910548808,0,"gc73","6","E1","ILLSINHA4",85.1,85,1,"V3 Primary root","gc73028","warm","high",2,5,"PT",NA,"V3","4/21/2017","4/24/2017","warm_2_5_V3","5/2/2017","PT","Inv4m","gc73028_1","GC73_P6_ILLSINHA4_1.fq.gz","GC73_P6_ILLSINHA4_1.fq.gz",NA,NA,"GC73_P6_ILLSINHA4","PT_Inv4m","warm_PT_Inv4m"
-2.30885713342181,0,"gc73","6","D1","ILLSINHA5",117.1,117,1,"V3 Primary root","gc73088","warm","high",5,8,"F1",NA,"V3","4/21/2017","4/24/2017","warm_5_8_V3","5/2/2017","F1","H","gc73088_1","GC73_P6_ILLSINHA5_1.fq.gz","GC73_P6_ILLSINHA5_1.fq.gz",NA,NA,"GC73_P6_ILLSINHA5","F1_H","warm_F1_H"
0.28341524360494,0,"gc73","6","C1","ILLSINHA6",82.1,82,1,"V3 Primary root","gc73022","warm","high",2,2,"B73",NA,"V3","4/21/2017","4/25/2017","warm_2_2_V3","5/2/2017","B73","B73","gc73022_1","GC73_P6_ILLSINHA6_1.fq.gz","GC73_P6_ILLSINHA6_1.fq.gz",NA,NA,"GC73_P6_ILLSINHA6","B73_B73","warm_B73_B73"
4.7012528470479,4,"gc73","6","B1","ILLSINHA7",128,128,0,"V3 Leaf tissue","gc73174","warm","low",10,6,"F1",NA,"V3","4/21/2017","4/25/2017","warm_10_6_V3","5/2/2017","F1","H","gc73174_0","GC73_P6_ILLSINHA7_1.fq.gz","GC73_P6_ILLSINHA7_1.fq.gz",NA,NA,"GC73_P6_ILLSINHA7","F1_H","warm_F1_H"
2.60377370191202,2,"gc73","6","A1","ILLSINHA8",158,158,0,"V3 Leaf tissue","gc73146","warm","low",9,1,"B73",NA,"V3","4/21/2017","4/27/2017","warm_9_1_V3","5/4/2017","B73","B73","gc73146_0","GC73_P6_ILLSINHA8_1.fq.gz","GC73_P6_ILLSINHA8_1.fq.gz",NA,NA,"GC73_P6_ILLSINHA8","B73_B73","warm_B73_B73"
4.8895991307932,23,"gc73","6","H2","ILLSINHA9",125,125,0,"V3 Leaf tissue","gc73166","warm","low",10,2,"PT",NA,"V3","4/21/2017","4/26/2017","warm_10_2_V3","5/2/2017","PT","Inv4m","gc73166_0","GC73_P6_ILLSINHA9_1.fq.gz","GC73_P6_ILLSINHA9_1.fq.gz",NA,NA,"GC73_P6_ILLSINHA9","PT_Inv4m","warm_PT_Inv4m"
-2.49625247681165,0,"gc73","6","G2","ILLSINHA10",125.1,125,1,"V3 Primary root","gc73166","warm","low",10,2,"PT",NA,"V3","4/21/2017","4/26/2017","warm_10_2_V3","5/2/2017","PT","Inv4m","gc73166_1","GC73_P6_ILLSINHA10_1.fq.gz","GC73_P6_ILLSINHA10_1.fq.gz","pass",4585270,"GC73_P6_ILLSINHA10","PT_Inv4m","warm_PT_Inv4m"
-0.699954964606166,0,"gc73","6","F2","ILLSINHA11",128.1,128,1,"V3 Primary root","gc73174","warm","low",10,6,"F1",NA,"V3","4/21/2017","4/25/2017","warm_10_6_V3","5/2/2017","F1","H","gc73174_1","GC73_P6_ILLSINHA11_1.fq.gz","GC73_P6_ILLSINHA11_1.fq.gz","pass",1263773,"GC73_P6_ILLSINHA11","F1_H","warm_F1_H"
-1.88775170748958,0,"gc73","6","E2","ILLSINHA12",158.1,158,1,"V3 Primary root","gc73146","warm","low",9,1,"B73",NA,"V3","4/21/2017","4/27/2017","warm_9_1_V3","5/4/2017","B73","B73","gc73146_1","GC73_P6_ILLSINHA12_1.fq.gz","GC73_P6_ILLSINHA12_1.fq.gz","pass",2661614,"GC73_P6_ILLSINHA12","B73_B73","warm_B73_B73"
6.85258635675648,31,"gc73","6","D7","ILLSINHA53",275,275,0,"V3 Leaf tissue","gc73242","cold","high",4,4,"F1",NA,"V3","4/21/2017","4/29/2017","cold_4_4_V3","5/15/2017","F1","H","gc73242_0","GC73_P6_ILLSINHA53_1.fq.gz","GC73_P6_ILLSINHA53_1.fq.gz","pass",514206,"GC73_P6_ILLSINHA53","F1_H","cold_F1_H"
5.10031587698099,0,"gc73","6","C7","ILLSINHA54",269,269,0,"V3 Leaf tissue","gc73264","cold","high",5,6,"B73",NA,"V3","4/21/2017","4/29/2017","cold_5_6_V3","5/15/2017","B73","B73","gc73264_0","GC73_P6_ILLSINHA54_1.fq.gz","GC73_P6_ILLSINHA54_1.fq.gz","pass",20706,"GC73_P6_ILLSINHA54","B73_B73","cold_B73_B73"
4.01338577822002,38,"gc73","6","B7","ILLSINHA55",243,243,0,"V3 Leaf tissue","gc73254","cold","high",5,1,"PT",NA,"V3","4/21/2017","4/28/2017","cold_5_1_V3","5/12/2017","PT","Inv4m","gc73254_0","GC73_P6_ILLSINHA55_1.fq.gz","GC73_P6_ILLSINHA55_1.fq.gz","pass",4028059,"GC73_P6_ILLSINHA55","PT_Inv4m","cold_PT_Inv4m"
-3.20296827012511,0,"gc73","6","A7","ILLSINHA56",243.1,243,1,"V3 Primary root","gc73254","cold","high",5,1,"PT",NA,"V3","4/21/2017","4/28/2017","cold_5_1_V3","5/12/2017","PT","Inv4m","gc73254_1","GC73_P6_ILLSINHA56_1.fq.gz","GC73_P6_ILLSINHA56_1.fq.gz","pass",7714421,"GC73_P6_ILLSINHA56","PT_Inv4m","cold_PT_Inv4m"
5.51536886693247,0,"gc73","6","H8","ILLSINHA57",275.1,275,1,"V3 Primary root","gc73242","cold","high",4,4,"F1",NA,"V3","4/21/2017","4/29/2017","cold_4_4_V3","5/15/2017","F1","H","gc73242_1","GC73_P6_ILLSINHA57_1.fq.gz","GC73_P6_ILLSINHA57_1.fq.gz","pass",231,"GC73_P6_ILLSINHA57","F1_H","cold_F1_H"
-2.56563979978784,1,"gc73","6","G8","ILLSINHA58",269.1,269,1,"V3 Primary root","gc73264","cold","high",5,6,"B73",NA,"V3","4/21/2017","4/29/2017","cold_5_6_V3","5/15/2017","B73","B73","gc73264_1","GC73_P6_ILLSINHA58_1.fq.gz","GC73_P6_ILLSINHA58_1.fq.gz","pass",14561569,"GC73_P6_ILLSINHA58","B73_B73","cold_B73_B73"
5.06202009625096,54,"gc73","6","F8","ILLSINHA59",283,283,0,"V3 Leaf tissue","gc73350","cold","low",10,4,"F1",NA,"V3","4/21/2017","4/30/2017","cold_10_4_V3","5/15/2017","F1","H","gc73350_0","GC73_P6_ILLSINHA59_1.fq.gz","GC73_P6_ILLSINHA59_1.fq.gz","pass",2529041,"GC73_P6_ILLSINHA59","F1_H","cold_F1_H"
4.80684578333473,7,"gc73","6","E8","ILLSINHA60",281,281,0,"V3 Leaf tissue","gc73344","cold","low",10,1,"B73",NA,"V3","4/21/2017","4/30/2017","cold_10_1_V3","5/15/2017","B73","B73","gc73344_0","GC73_P6_ILLSINHA60_1.fq.gz","GC73_P6_ILLSINHA60_1.fq.gz","pass",473123,"GC73_P6_ILLSINHA60","B73_B73","cold_B73_B73"
5.57558317384303,38,"gc73","6","D8","ILLSINHA61",282,282,0,"V3 Leaf tissue","gc73346","cold","low",10,2,"PT",NA,"V3","4/21/2017","4/28/2017","cold_10_2_V3","5/15/2017","PT","Inv4m","gc73346_0","GC73_P6_ILLSINHA61_1.fq.gz","GC73_P6_ILLSINHA61_1.fq.gz","pass",1310043,"GC73_P6_ILLSINHA61","PT_Inv4m","cold_PT_Inv4m"
4.05145695882695,0,"gc73","6","C8","ILLSINHA62",282.1,282,1,"V3 Primary root","gc73346","cold","low",10,2,"PT",NA,"V3","4/21/2017","4/28/2017","cold_10_2_V3","5/15/2017","PT","Inv4m","gc73346_1","GC73_P6_ILLSINHA62_1.fq.gz","GC73_P6_ILLSINHA62_1.fq.gz","pass",51491,"GC73_P6_ILLSINHA62","PT_Inv4m","cold_PT_Inv4m"
-2.84427952472933,0,"gc73","6","B8","ILLSINHA63",283.1,283,1,"V3 Primary root","gc73350","cold","low",10,4,"F1",NA,"V3","4/21/2017","4/30/2017","cold_10_4_V3","5/15/2017","F1","H","gc73350_1","GC73_P6_ILLSINHA63_1.fq.gz","GC73_P6_ILLSINHA63_1.fq.gz","pass",5592502,"GC73_P6_ILLSINHA63","F1_H","cold_F1_H"
-3.61966866932567,0,"gc73","6","A8","ILLSINHA64",281.1,281,1,"V3 Primary root","gc73344","cold","low",10,1,"B73",NA,"V3","4/21/2017","4/30/2017","cold_10_1_V3","5/15/2017","B73","B73","gc73344_1","GC73_P6_ILLSINHA64_1.fq.gz","GC73_P6_ILLSINHA64_1.fq.gz","pass",9818550,"GC73_P6_ILLSINHA64","B73_B73","cold_B73_B73"
