"","Plant","row","plant_n","DTA","DTS","ASI","Cas9","PLA","genotype"
"1","1_1","1","1",56,59,-3,"Negative","Negative","wt"
"2","1_2","1","2",57,60,-3,"Negative","Negative","wt"
"3","1_3","1","3",57,59,-2,"Negative","Negative","wt"
"4","1_4","1","4",57,59,-2,"Negative","Negative","wt"
"5","1_5","1","5",57,60,-3,"Negative","Negative","wt"
"6","1_6","1","6",57,60,-3,"Negative","Negative","wt"
"7","1_7","1","7",57,60,-3,"Negative","Negative","wt"
"8","1_8","1","8",61,NA,NA,"Negative","Negative","wt"
"9","1_9","1","9",60,62,-2,"Negative","Negative","wt"
"10","1_10","1","10",62,63,-1,"Negative","Negative","wt"
"11","1_11","1","11",59,61,-2,"Negative","Negative","wt"
"12","1_12","1","12",NA,NA,NA,"Negative","Negative","wt"
"13","1_13","1","13",59,61,-2,"Negative","Negative","wt"
"14","1_14","1","14",60,61,-1,"Negative","Negative","wt"
"15","1_15","1","15",NA,NA,NA,"Negative","Negative","wt"
"16","1_16","1","16",NA,NA,NA,"Negative","Negative","wt"
"17","1_17","1","17",57,61,-4,"Negative","Negative","wt"
"18","2_1","2","1",57,NA,NA,"Negative","Negative","wt"
"19","2_2","2","2",55,58,-3,"Negative","Negative","wt"
"20","2_3","2","3",57,60,-3,"Negative","Negative","wt"
"21","2_4","2","4",57,58,-1,"Negative","Negative","wt"
"22","2_5","2","5",58,58,0,"Negative","Negative","wt"
"23","2_6","2","6",59,61,-2,"Negative","Negative","wt"
"24","2_7","2","7",59,60,-1,"Negative","Negative","wt"
"25","2_8","2","8",60,59,1,"Negative","Negative","wt"
"26","2_9","2","9",60,62,-2,"Negative","Negative","wt"
"27","2_10","2","10",58,NA,NA,"Negative","Negative","wt"
"28","2_11","2","11",NA,NA,NA,"Negative","Negative","wt"
"29","2_12","2","12",NA,NA,NA,"Negative","Negative","wt"
"30","2_13","2","13",64,NA,NA,"Negative","Negative","wt"
"31","2_14","2","14",NA,NA,NA,"Negative","Negative","wt"
"32","2_15","2","15",60,60,0,"Negative","Negative","wt"
"33","2_16","2","16",60,64,-4,"Negative","Negative","wt"
"34","2_17","2","17",NA,NA,NA,"Negative","Negative","wt"
"35","2_18","2","18",NA,NA,NA,"Negative","Negative","wt"
"36","2_19","2","19",NA,NA,NA,"Negative","Negative","wt"
"37","2_20","2","20",62,63,-1,"Negative","Negative","wt"
"38","3_1","3","1",57,60,-3,"Positive","Negative","wt"
"39","3_2","3","2",58,60,-2,"Positive","Negative","wt"
"40","3_3","3","3",57,62,-5,"Positive","Negative","wt"
"41","3_4","3","4",57,59,-2,"Positive","Negative","wt"
"42","3_5","3","5",58,61,-3,"Positive","Negative","wt"
"43","3_6","3","6",57,59,-2,"Positive","Negative","wt"
"44","3_7","3","7",57,61,-4,"Positive","Negative","wt"
"45","3_8","3","8",57,NA,NA,"Positive","Negative","wt"
"46","3_9","3","9",62,64,-2,"Positive","Negative","wt"
"47","3_10","3","10",56,59,-3,"Positive","Negative","wt"
"48","3_11","3","11",56,59,-3,"Positive","Negative","wt"
"49","3_12","3","12",57,60,-3,"Positive","Negative","wt"
"50","3_13","3","13",57,67,-10,"Positive","Negative","wt"
"51","3_14","3","14",59,62,-3,"Positive","Negative","wt"
"52","3_15","3","15",56,60,-4,"Positive","Negative","wt"
"53","3_16","3","16",57,60,-3,"Positive","Negative","wt"
"54","3_17","3","17",58,61,-3,"Positive","Negative","wt"
"55","3_18","3","18",62,62,0,"Positive","Negative","wt"
"56","3_19","3","19",64,NA,NA,"Positive","Negative","wt"
"57","4_1","4","1",59,61,-2,"Positive","Positive","mut"
"58","4_2","4","2",56,60,-4,"Positive","Positive","mut"
"59","4_3","4","3",61,64,-3,"Positive","Positive","mut"
"60","4_4","4","4",60,NA,NA,"Positive","Positive","mut"
"61","4_5","4","5",61,NA,NA,"Positive","Positive","mut"
"62","4_6","4","6",58,61,-3,"Positive","Positive","mut"
"63","4_7","4","7",61,64,-3,"Positive","Positive","mut"
"64","4_8","4","8",58,63,-5,"Positive","Positive","mut"
"65","4_9","4","9",59,61,-2,"Positive","Positive","mut"
"66","4_10","4","10",59,61,-2,"Positive","Positive","mut"
"67","4_11","4","11",60,63,-3,"Positive","Positive","mut"
"68","4_12","4","12",59,61,-2,"Positive","Positive","mut"
"69","4_13","4","13",60,NA,NA,"Positive","Positive","mut"
"70","4_14","4","14",61,NA,NA,"Positive","Positive","mut"
"71","4_15","4","15",60,63,-3,"Positive","Positive","mut"
"72","4_16","4","16",58,62,-4,"Positive","Positive","mut"
"73","4_17","4","17",59,62,-3,"Positive","Positive","mut"
"74","4_18","4","18",58,64,-6,"Positive","Positive","mut"
"75","4_19","4","19",65,NA,NA,"Positive","Positive","mut"
"76","5_1","5","1",NA,NA,NA,"Positive","Negative","wt"
"77","5_2","5","2",62,64,-2,"Positive","Negative","wt"
"78","5_3","5","3",NA,NA,NA,"Positive","Negative","wt"
"79","5_4","5","4",64,64,0,"Positive","Negative","wt"
"80","5_5","5","5",61,63,-2,"Positive","Negative","wt"
"81","5_6","5","6",63,64,-1,"Positive","Negative","wt"
"82","5_7","5","7",58,NA,NA,"Positive","Negative","wt"
"83","5_8","5","8",59,62,-3,"Positive","Negative","wt"
"84","5_9","5","9",60,64,-4,"Positive","Negative","wt"
"85","5_10","5","10",62,67,-5,"Positive","Negative","wt"
"86","5_11","5","11",58,61,-3,"Positive","Negative","wt"
"87","5_12","5","12",64,NA,NA,"Positive","Negative","wt"
"88","6_1","6","1",NA,NA,NA,"Positive","Positive","het"
"89","6_2","6","2",61,64,-3,"Positive","Positive","het"
"90","6_3","6","3",61,62,-1,"Positive","Positive","het"
"91","6_4","6","4",60,64,-4,"Positive","Positive","het"
"92","6_5","6","5",61,64,-3,"Positive","Positive","het"
"93","6_6","6","6",63,NA,NA,"Positive","Positive","het"
"94","6_7","6","7",60,63,-3,"Positive","Positive","het"
"95","6_8","6","8",59,63,-4,"Positive","Positive","het"
"96","6_9","6","9",63,64,-1,"Positive","Positive","het"
"97","6_10","6","10",64,NA,NA,"Positive","Positive","het"
"98","6_11","6","11",62,64,-2,"Positive","Positive","het"
"99","6_12","6","12",64,64,0,"Positive","Positive","het"
"100","6_13","6","13",NA,NA,NA,"Positive","Positive","het"
"101","6_14","6","14",NA,NA,NA,"Positive","Positive","het"
"102","6_15","6","15",NA,NA,NA,"Positive","Positive","het"
"103","6_16","6","16",63,NA,NA,"Positive","Positive","het"
"104","6_17","6","17",60,63,-3,"Positive","Positive","het"
"105","6_18","6","18",60,61,-1,"Positive","Positive","het"
"106","7_1","7","1",63,NA,NA,"Positive","Negative","wt"
"107","7_2","7","2",NA,NA,NA,"Positive","Negative","wt"
"108","7_3","7","3",60,63,-3,"Positive","Negative","wt"
"109","7_4","7","4",61,64,-3,"Positive","Negative","wt"
"110","7_5","7","5",63,NA,NA,"Positive","Negative","wt"
"111","7_6","7","6",63,64,-1,"Positive","Negative","wt"
"112","7_7","7","7",NA,NA,NA,"Positive","Negative","wt"
"113","7_8","7","8",60,63,-3,"Positive","Negative","wt"
"114","7_9","7","9",60,61,-1,"Positive","Negative","wt"
"115","7_10","7","10",60,62,-2,"Positive","Negative","wt"
"116","7_11","7","11",58,62,-4,"Positive","Negative","wt"
"117","7_12","7","12",61,NA,NA,"Positive","Negative","wt"
"118","7_13","7","13",60,63,-3,"Positive","Negative","wt"
"119","7_14","7","14",59,61,-2,"Positive","Negative","wt"
"120","7_15","7","15",59,61,-2,"Positive","Negative","wt"
"121","7_16","7","16",63,NA,NA,"Positive","Negative","wt"
"122","8_1","8","1",61,63,-2,"Positive","Positive","het"
"123","8_2","8","2",62,NA,NA,"Positive","Positive","het"
"124","8_3","8","3",60,64,-4,"Positive","Positive","het"
"125","8_4","8","4",61,64,-3,"Positive","Positive","het"
"126","8_5","8","5",63,64,-1,"Positive","Positive","het"
"127","8_6","8","6",NA,NA,NA,"Positive","Positive","het"
"128","8_7","8","7",62,63,-1,"Positive","Positive","het"
"129","8_8","8","8",59,62,-3,"Positive","Positive","het"
"130","8_9","8","9",59,NA,NA,"Positive","Positive","het"
"131","8_10","8","10",60,62,-2,"Positive","Positive","het"
"132","8_11","8","11",60,64,-4,"Positive","Positive","het"
"133","8_12","8","12",62,64,-2,"Positive","Positive","het"
"134","8_13","8","13",62,64,-2,"Positive","Positive","het"
"135","8_14","8","14",61,62,-1,"Positive","Positive","het"
"136","8_15","8","15",59,61,-2,"Positive","Positive","het"
"137","8_16","8","16",NA,NA,NA,"Positive","Positive","het"
"138","8_17","8","17",59,61,-2,"Positive","Positive","het"
"139","8_18","8","18",61,63,-2,"Positive","Positive","het"
"140","9_1","9","1",57,59,-2,"Positive","Negative","wt"
"141","9_2","9","2",58,60,-2,"Positive","Negative","wt"
"142","9_3","9","3",57,60,-3,"Positive","Negative","wt"
"143","9_4","9","4",56,64,-8,"Positive","Negative","wt"
"144","9_5","9","5",58,60,-2,"Positive","Negative","wt"
"145","9_6","9","6",57,59,-2,"Positive","Negative","wt"
"146","9_7","9","7",62,NA,NA,"Positive","Negative","wt"
"147","9_8","9","8",58,61,-3,"Positive","Negative","wt"
"148","9_9","9","9",57,61,-4,"Positive","Negative","wt"
"149","9_10","9","10",57,61,-4,"Positive","Negative","wt"
"150","9_11","9","11",57,58,-1,"Positive","Negative","wt"
"151","9_12","9","12",62,64,-2,"Positive","Negative","wt"
"152","9_13","9","13",58,61,-3,"Positive","Negative","wt"
"153","9_14","9","14",64,63,1,"Positive","Negative","wt"
"154","9_15","9","15",59,61,-2,"Positive","Negative","wt"
"155","9_16","9","16",58,60,-2,"Positive","Negative","wt"
"156","9_17","9","17",58,61,-3,"Positive","Negative","wt"
"157","9_18","9","18",59,61,-2,"Positive","Negative","wt"
"158","9_19","9","19",60,63,-3,"Positive","Negative","wt"
"159","10_1","10","1",62,NA,NA,"Positive","Positive","het"
"160","10_2","10","2",59,62,-3,"Positive","Positive","het"
"161","10_3","10","3",64,NA,NA,"Positive","Positive","het"
"162","10_4","10","4",57,62,-5,"Positive","Positive","het"
"163","10_5","10","5",58,63,-5,"Positive","Positive","het"
"164","10_6","10","6",59,63,-4,"Positive","Positive","het"
"165","10_7","10","7",60,64,-4,"Positive","Positive","het"
"166","10_8","10","8",59,63,-4,"Positive","Positive","het"
"167","10_9","10","9",62,NA,NA,"Positive","Positive","het"
"168","10_10","10","10",62,63,-1,"Positive","Positive","het"
"169","10_11","10","11",58,64,-6,"Positive","Positive","het"
"170","10_12","10","12",59,63,-4,"Positive","Positive","het"
"171","10_13","10","13",59,65,-6,"Positive","Positive","het"
"172","10_14","10","14",59,NA,NA,"Positive","Positive","het"
"173","10_15","10","15",57,63,-6,"Positive","Positive","het"
"174","10_16","10","16",59,63,-4,"Positive","Positive","het"
"175","10_17","10","17",59,63,-4,"Positive","Positive","het"
"176","10_18","10","18",62,NA,NA,"Positive","Positive","het"
"177","10_19","10","19",57,62,-5,"Positive","Positive","het"
"178","11_1","11","1",60,64,-4,"Positive","Negative","wt"
"179","11_2","11","2",59,63,-4,"Positive","Negative","wt"
"180","11_3","11","3",57,62,-5,"Positive","Negative","wt"
"181","11_4","11","4",60,64,-4,"Positive","Negative","wt"
"182","11_5","11","5",60,59,1,"Positive","Negative","wt"
"183","11_6","11","6",60,63,-3,"Positive","Negative","wt"
"184","11_7","11","7",59,62,-3,"Positive","Negative","wt"
"185","11_8","11","8",58,62,-4,"Positive","Negative","wt"
"186","11_9","11","9",58,63,-5,"Positive","Negative","wt"
"187","11_10","11","10",57,62,-5,"Positive","Negative","wt"
"188","11_11","11","11",59,62,-3,"Positive","Negative","wt"
"189","11_12","11","12",64,NA,NA,"Positive","Negative","wt"
"190","11_13","11","13",57,62,-5,"Positive","Negative","wt"
"191","11_14","11","14",57,61,-4,"Positive","Negative","wt"
"192","11_15","11","15",58,62,-4,"Positive","Negative","wt"
"193","11_16","11","16",57,61,-4,"Positive","Negative","wt"
"194","11_17","11","17",58,63,-5,"Positive","Negative","wt"
"195","11_18","11","18",59,63,-4,"Positive","Negative","wt"
"196","11_19","11","19",59,64,-5,"Positive","Negative","wt"
"197","12_1","12","1",59,62,-3,"Positive","Positive","mut"
"198","12_2","12","2",60,63,-3,"Positive","Positive","mut"
"199","12_3","12","3",59,62,-3,"Positive","Positive","mut"
"200","12_4","12","4",58,62,-4,"Positive","Positive","mut"
"201","12_5","12","5",63,NA,NA,"Positive","Positive","mut"
"202","12_6","12","6",59,64,-5,"Positive","Positive","mut"
"203","12_7","12","7",61,63,-2,"Positive","Positive","mut"
"204","12_8","12","8",61,NA,NA,"Positive","Positive","mut"
"205","12_9","12","9",61,64,-3,"Positive","Positive","mut"
"206","12_10","12","10",62,65,-3,"Positive","Positive","mut"
"207","12_11","12","11",59,63,-4,"Positive","Positive","mut"
"208","12_12","12","12",59,61,-2,"Positive","Positive","mut"
"209","12_13","12","13",60,NA,NA,"Positive","Positive","mut"
"210","12_14","12","14",59,NA,NA,"Positive","Positive","mut"
"211","12_15","12","15",60,64,-4,"Positive","Positive","mut"
"212","12_16","12","16",61,NA,NA,"Positive","Positive","mut"
"213","12_17","12","17",NA,NA,NA,"Positive","Positive","mut"
"214","12_18","12","18",NA,NA,NA,"Positive","Positive","mut"
"215","13_1","13","1",60,63,-3,"Positive","Negative","wt"
"216","13_2","13","2",60,64,-4,"Positive","Negative","wt"
"217","13_3","13","3",58,63,-5,"Positive","Negative","wt"
"218","13_4","13","4",59,63,-4,"Positive","Negative","wt"
"219","13_5","13","5",59,63,-4,"Positive","Negative","wt"
"220","13_6","13","6",59,63,-4,"Positive","Negative","wt"
"221","13_7","13","7",58,64,-6,"Positive","Negative","wt"
"222","13_8","13","8",60,64,-4,"Positive","Negative","wt"
"223","13_9","13","9",60,64,-4,"Positive","Negative","wt"
"224","13_10","13","10",59,62,-3,"Positive","Negative","wt"
"225","13_11","13","11",59,64,-5,"Positive","Negative","wt"
"226","13_12","13","12",59,62,-3,"Positive","Negative","wt"
"227","13_13","13","13",60,63,-3,"Positive","Negative","wt"
"228","13_14","13","14",60,63,-3,"Positive","Negative","wt"
"229","13_15","13","15",61,64,-3,"Positive","Negative","wt"
"230","13_16","13","16",60,63,-3,"Positive","Negative","wt"
"231","13_17","13","17",60,63,-3,"Positive","Negative","wt"
"232","13_18","13","18",57,60,-3,"Positive","Negative","wt"
"233","13_19","13","19",58,63,-5,"Positive","Negative","wt"
"234","14_1","14","1",60,63,-3,"Positive","Positive","het"
"235","14_2","14","2",58,61,-3,"Positive","Positive","het"
"236","14_3","14","3",60,62,-2,"Positive","Positive","het"
"237","14_4","14","4",64,NA,NA,"Positive","Positive","het"
"238","14_5","14","5",60,63,-3,"Positive","Positive","het"
"239","14_6","14","6",60,63,-3,"Positive","Positive","het"
"240","14_7","14","7",61,NA,NA,"Positive","Positive","het"
"241","14_8","14","8",60,NA,NA,"Positive","Positive","het"
"242","14_9","14","9",59,62,-3,"Positive","Positive","het"
"243","14_10","14","10",60,64,-4,"Positive","Positive","het"
"244","14_11","14","11",61,NA,NA,"Positive","Positive","het"
"245","14_12","14","12",61,64,-3,"Positive","Positive","het"
"246","14_13","14","13",63,64,-1,"Positive","Positive","het"
"247","14_14","14","14",61,NA,NA,"Positive","Positive","het"
"248","14_15","14","15",64,64,0,"Positive","Positive","het"
"249","15_1","15","1",62,NA,NA,"Positive","Negative","wt"
"250","15_2","15","2",59,63,-4,"Positive","Negative","wt"
"251","15_3","15","3",62,NA,NA,"Positive","Negative","wt"
"252","15_4","15","4",58,63,-5,"Positive","Negative","wt"
"253","15_5","15","5",60,63,-3,"Positive","Negative","wt"
"254","15_6","15","6",61,NA,NA,"Positive","Negative","wt"
"255","15_7","15","7",64,NA,NA,"Positive","Negative","wt"
"256","15_8","15","8",61,NA,NA,"Positive","Negative","wt"
"257","15_9","15","9",57,63,-6,"Positive","Negative","wt"
"258","15_10","15","10",61,64,-3,"Positive","Negative","wt"
"259","15_11","15","11",64,NA,NA,"Positive","Negative","wt"
"260","15_12","15","12",59,62,-3,"Positive","Negative","wt"
"261","15_13","15","13",61,64,-3,"Positive","Negative","wt"
"262","15_14","15","14",60,63,-3,"Positive","Negative","wt"
"263","15_15","15","15",63,NA,NA,"Positive","Negative","wt"
"264","15_16","15","16",56,61,-5,"Positive","Negative","wt"
"265","16_1","16","1",60,63,-3,"Positive","Positive","het"
"266","16_2","16","2",61,63,-2,"Positive","Positive","het"
"267","16_3","16","3",58,62,-4,"Positive","Positive","het"
"268","16_4","16","4",58,62,-4,"Positive","Positive","het"
"269","16_5","16","5",63,NA,NA,"Positive","Positive","het"
"270","16_6","16","6",59,61,-2,"Positive","Positive","het"
"271","16_7","16","7",57,61,-4,"Positive","Positive","het"
"272","16_8","16","8",59,61,-2,"Positive","Positive","het"
"273","16_9","16","9",58,59,-1,"Positive","Positive","het"
"274","16_10","16","10",61,64,-3,"Positive","Positive","het"
"275","16_11","16","11",61,64,-3,"Positive","Positive","het"
"276","16_12","16","12",60,61,-1,"Positive","Positive","het"
"277","16_13","16","13",58,60,-2,"Positive","Positive","het"
"278","16_14","16","14",59,62,-3,"Positive","Positive","het"
"279","16_15","16","15",57,62,-5,"Positive","Positive","het"
"280","16_16","16","16",58,60,-2,"Positive","Positive","het"
"281","16_17","16","17",58,61,-3,"Positive","Positive","het"
"282","17_1","17","1",59,62,-3,"Positive","Negative","wt"
"283","17_2","17","2",58,61,-3,"Positive","Negative","wt"
"284","17_3","17","3",60,62,-2,"Positive","Negative","wt"
"285","17_4","17","4",60,62,-2,"Positive","Negative","wt"
"286","17_5","17","5",58,60,-2,"Positive","Negative","wt"
"287","17_6","17","6",64,64,0,"Positive","Negative","wt"
"288","17_7","17","7",58,60,-2,"Positive","Negative","wt"
"289","17_8","17","8",59,61,-2,"Positive","Negative","wt"
"290","17_9","17","9",58,60,-2,"Positive","Negative","wt"
"291","17_10","17","10",60,63,-3,"Positive","Negative","wt"
"292","17_11","17","11",60,63,-3,"Positive","Negative","wt"
"293","17_12","17","12",61,62,-1,"Positive","Negative","wt"
"294","17_13","17","13",59,60,-1,"Positive","Negative","wt"
"295","17_14","17","14",63,64,-1,"Positive","Negative","wt"
"296","17_15","17","15",58,63,-5,"Positive","Negative","wt"
"297","17_16","17","16",62,62,0,"Positive","Negative","wt"
"298","18_1","18","1",59,61,-2,"Positive","Positive","het"
"299","18_2","18","2",60,63,-3,"Positive","Positive","het"
"300","18_3","18","3",64,63,1,"Positive","Positive","het"
"301","18_4","18","4",60,63,-3,"Positive","Positive","het"
"302","18_5","18","5",59,63,-4,"Positive","Positive","het"
"303","18_6","18","6",NA,NA,NA,"Positive","Positive","het"
"304","18_7","18","7",60,63,-3,"Positive","Positive","het"
"305","18_8","18","8",60,64,-4,"Positive","Positive","het"
"306","18_9","18","9",60,64,-4,"Positive","Positive","het"
"307","18_10","18","10",60,NA,NA,"Positive","Positive","het"
"308","18_11","18","11",61,NA,NA,"Positive","Positive","het"
"309","18_12","18","12",59,62,-3,"Positive","Positive","het"
"310","18_13","18","13",60,62,-2,"Positive","Positive","het"
"311","18_14","18","14",60,63,-3,"Positive","Positive","het"
"312","18_15","18","15",62,64,-2,"Positive","Positive","het"
"313","18_16","18","16",60,63,-3,"Positive","Positive","het"
"314","19_1","19","1",58,59,-1,"Positive","Negative","wt"
"315","19_2","19","2",59,60,-1,"Positive","Negative","wt"
"316","19_3","19","3",58,60,-2,"Positive","Negative","wt"
"317","19_4","19","4",58,60,-2,"Positive","Negative","wt"
"318","19_5","19","5",58,61,-3,"Positive","Negative","wt"
"319","19_6","19","6",58,61,-3,"Positive","Negative","wt"
"320","19_7","19","7",NA,NA,NA,"Positive","Negative","wt"
"321","19_8","19","8",NA,NA,NA,"Positive","Negative","wt"
"322","19_9","19","9",58,61,-3,"Positive","Negative","wt"
"323","19_10","19","10",58,61,-3,"Positive","Negative","wt"
"324","19_11","19","11",60,63,-3,"Positive","Negative","wt"
"325","19_12","19","12",62,62,0,"Positive","Negative","wt"
"326","19_13","19","13",NA,NA,NA,"Positive","Negative","wt"
"327","19_14","19","14",58,NA,NA,"Positive","Negative","wt"
"328","19_15","19","15",60,61,-1,"Positive","Negative","wt"
"329","19_16","19","16",NA,NA,NA,"Positive","Negative","wt"
"330","20_1","20","1",61,64,-3,"Positive","Positive","mut"
"331","20_2","20","2",59,63,-4,"Positive","Positive","mut"
"332","20_3","20","3",58,61,-3,"Positive","Positive","mut"
"333","20_4","20","4",59,62,-3,"Positive","Positive","mut"
"334","20_5","20","5",56,60,-4,"Positive","Positive","mut"
"335","20_6","20","6",57,62,-5,"Positive","Positive","mut"
"336","20_7","20","7",59,61,-2,"Positive","Positive","mut"
"337","20_8","20","8",59,63,-4,"Positive","Positive","mut"
"338","20_9","20","9",59,64,-5,"Positive","Positive","mut"
"339","20_10","20","10",59,63,-4,"Positive","Positive","mut"
"340","20_11","20","11",59,64,-5,"Positive","Positive","mut"
"341","20_12","20","12",58,63,-5,"Positive","Positive","mut"
"342","20_13","20","13",60,63,-3,"Positive","Positive","mut"
"343","20_14","20","14",57,62,-5,"Positive","Positive","mut"
"344","20_15","20","15",58,61,-3,"Positive","Positive","mut"
"345","20_16","20","16",59,62,-3,"Positive","Positive","mut"
"346","20_17","20","17",60,64,-4,"Positive","Positive","mut"
"347","20_18","20","18",57,62,-5,"Positive","Positive","mut"
"348","20_19","20","19",58,62,-4,"Positive","Positive","mut"
"349","20_20","20","20",59,61,-2,"Positive","Positive","mut"
"350","21_1","21","1",59,63,-4,"Positive","Negative","wt"
"351","21_2","21","2",61,63,-2,"Positive","Negative","wt"
"352","21_3","21","3",60,62,-2,"Positive","Negative","wt"
"353","21_4","21","4",58,63,-5,"Positive","Negative","wt"
"354","21_5","21","5",61,63,-2,"Positive","Negative","wt"
"355","21_6","21","6",58,61,-3,"Positive","Negative","wt"
"356","21_7","21","7",62,65,-3,"Positive","Negative","wt"
"357","21_8","21","8",60,64,-4,"Positive","Negative","wt"
"358","21_9","21","9",NA,NA,NA,"Positive","Negative","wt"
"359","21_10","21","10",NA,NA,NA,"Positive","Negative","wt"
"360","21_11","21","11",NA,NA,NA,"Positive","Negative","wt"
"361","21_12","21","12",60,62,-2,"Positive","Negative","wt"
"362","21_13","21","13",59,NA,NA,"Positive","Negative","wt"
"363","21_14","21","14",NA,NA,NA,"Positive","Negative","wt"
"364","21_15","21","15",62,64,-2,"Positive","Negative","wt"
"365","21_16","21","16",62,63,-1,"Positive","Negative","wt"
"366","22_1","22","1",58,NA,NA,"Positive","Positive","het"
"367","22_2","22","2",59,63,-4,"Positive","Positive","het"
"368","22_3","22","3",64,64,0,"Positive","Positive","het"
"369","22_4","22","4",61,64,-3,"Positive","Positive","het"
"370","22_5","22","5",61,NA,NA,"Positive","Positive","het"
"371","22_6","22","6",60,63,-3,"Positive","Positive","het"
"372","22_7","22","7",61,63,-2,"Positive","Positive","het"
"373","22_8","22","8",62,64,-2,"Positive","Positive","het"
"374","22_9","22","9",64,NA,NA,"Positive","Positive","het"
"375","22_10","22","10",NA,NA,NA,"Positive","Positive","het"
"376","22_11","22","11",62,64,-2,"Positive","Positive","het"
"377","22_12","22","12",63,NA,NA,"Positive","Positive","het"
"378","22_13","22","13",62,63,-1,"Positive","Positive","het"
"379","23_1","23","1",58,62,-4,"Positive","Negative","wt"
"380","23_2","23","2",57,59,-2,"Positive","Negative","wt"
"381","23_3","23","3",60,63,-3,"Positive","Negative","wt"
"382","23_4","23","4",59,63,-4,"Positive","Negative","wt"
"383","23_5","23","5",63,NA,NA,"Positive","Negative","wt"
"384","23_6","23","6",57,60,-3,"Positive","Negative","wt"
"385","23_7","23","7",57,59,-2,"Positive","Negative","wt"
"386","23_8","23","8",58,62,-4,"Positive","Negative","wt"
"387","23_9","23","9",60,64,-4,"Positive","Negative","wt"
"388","23_10","23","10",56,60,-4,"Positive","Negative","wt"
"389","23_11","23","11",59,62,-3,"Positive","Negative","wt"
"390","23_12","23","12",57,62,-5,"Positive","Negative","wt"
"391","23_13","23","13",58,62,-4,"Positive","Negative","wt"
"392","23_14","23","14",57,63,-6,"Positive","Negative","wt"
"393","23_15","23","15",57,62,-5,"Positive","Negative","wt"
"394","23_16","23","16",60,62,-2,"Positive","Negative","wt"
"395","23_17","23","17",59,61,-2,"Positive","Negative","wt"
"396","24_1","24","1",59,63,-4,"Positive","Positive","het"
"397","24_2","24","2",59,64,-5,"Positive","Positive","het"
"398","24_3","24","3",59,61,-2,"Positive","Positive","het"
"399","24_4","24","4",57,63,-6,"Positive","Positive","het"
"400","24_5","24","5",57,60,-3,"Positive","Positive","het"
"401","24_6","24","6",58,61,-3,"Positive","Positive","het"
"402","24_7","24","7",57,59,-2,"Positive","Positive","het"
"403","24_8","24","8",58,57,1,"Positive","Positive","het"
"404","24_9","24","9",57,60,-3,"Positive","Positive","het"
"405","24_10","24","10",57,60,-3,"Positive","Positive","het"
"406","24_11","24","11",57,59,-2,"Positive","Positive","het"
"407","24_12","24","12",59,63,-4,"Positive","Positive","het"
"408","24_13","24","13",59,63,-4,"Positive","Positive","het"
"409","24_14","24","14",58,64,-6,"Positive","Positive","het"
"410","24_15","24","15",56,59,-3,"Positive","Positive","het"
"411","24_16","24","16",60,63,-3,"Positive","Positive","het"
"412","24_17","24","17",58,60,-2,"Positive","Positive","het"
"413","24_18","24","18",57,62,-5,"Positive","Positive","het"
"414","24_19","24","19",62,63,-1,"Positive","Positive","het"
"415","24_20","24","20",60,61,-1,"Positive","Positive","het"
"416","25_1","25","1",62,64,-2,"Positive","Negative","wt"
"417","25_2","25","2",60,61,-1,"Positive","Negative","wt"
"418","25_3","25","3",59,62,-3,"Positive","Negative","wt"
"419","25_4","25","4",58,59,-1,"Positive","Negative","wt"
"420","25_5","25","5",58,60,-2,"Positive","Negative","wt"
"421","25_6","25","6",57,57,0,"Positive","Negative","wt"
"422","25_7","25","7",60,61,-1,"Positive","Negative","wt"
"423","25_8","25","8",61,64,-3,"Positive","Negative","wt"
"424","25_9","25","9",57,59,-2,"Positive","Negative","wt"
"425","25_10","25","10",57,58,-1,"Positive","Negative","wt"
"426","25_11","25","11",56,62,-6,"Positive","Negative","wt"
"427","25_12","25","12",59,61,-2,"Positive","Negative","wt"
"428","25_13","25","13",58,60,-2,"Positive","Negative","wt"
"429","25_14","25","14",59,58,1,"Positive","Negative","wt"
"430","25_15","25","15",61,62,-1,"Positive","Negative","wt"
"431","B1_1","B1","1",58,61,-3,"Control","Control","B104"
"432","B1_2","B1","2",57,60,-3,"Control","Control","B104"
"433","B1_3","B1","3",60,63,-3,"Control","Control","B104"
"434","B1_4","B1","4",NA,61,NA,"Control","Control","B104"
"435","B1_5","B1","5",60,63,-3,"Control","Control","B104"
"436","B1_6","B1","6",57,61,-4,"Control","Control","B104"
"437","B1_7","B1","7",NA,64,NA,"Control","Control","B104"
"438","B1_8","B1","8",58,63,-5,"Control","Control","B104"
"439","B1_9","B1","9",60,NA,NA,"Control","Control","B104"
"440","B1_10","B1","10",57,62,-5,"Control","Control","B104"
"441","B1_11","B1","11",NA,NA,NA,"Control","Control","B104"
"442","B1_12","B1","12",57,63,-6,"Control","Control","B104"
"443","B1_13","B1","13",57,NA,NA,"Control","Control","B104"
"444","B1_14","B1","14",58,63,-5,"Control","Control","B104"
"445","B1_15","B1","15",58,62,-4,"Control","Control","B104"
"446","B1_16","B1","16",60,63,-3,"Control","Control","B104"
"447","B1_17","B1","17",58,64,-6,"Control","Control","B104"
"448","B1_18","B1","18",59,62,-3,"Control","Control","B104"
"449","B1_19","B1","19",62,NA,NA,"Control","Control","B104"
"450","B1_20","B1","20",59,64,-5,"Control","Control","B104"
"451","B1_21","B1","21",59,64,-5,"Control","Control","B104"
"452","B1_22","B1","22",59,64,-5,"Control","Control","B104"
"453","B1_23","B1","23",57,62,-5,"Control","Control","B104"
"454","B1_24","B1","24",57,64,-7,"Control","Control","B104"
"455","B1_25","B1","25",60,65,-5,"Control","Control","B104"
"456","B1_26","B1","26",58,64,-6,"Control","Control","B104"
"457","B1_27","B1","27",56,61,-5,"Control","Control","B104"
"458","B1_28","B1","28",59,63,-4,"Control","Control","B104"
"459","B2_1","B2","1",57,61,-4,"Control","Control","B104"
"460","B2_2","B2","2",57,61,-4,"Control","Control","B104"
"461","B2_3","B2","3",57,62,-5,"Control","Control","B104"
"462","B2_4","B2","4",57,59,-2,"Control","Control","B104"
"463","B2_5","B2","5",56,59,-3,"Control","Control","B104"
"464","B2_6","B2","6",57,62,-5,"Control","Control","B104"
"465","B2_7","B2","7",57,62,-5,"Control","Control","B104"
"466","B2_8","B2","8",61,64,-3,"Control","Control","B104"
"467","B2_9","B2","9",57,62,-5,"Control","Control","B104"
"468","B2_10","B2","10",57,62,-5,"Control","Control","B104"
"469","B2_11","B2","11",56,60,-4,"Control","Control","B104"
"470","B2_12","B2","12",57,61,-4,"Control","Control","B104"
"471","B2_13","B2","13",57,61,-4,"Control","Control","B104"
"472","B2_14","B2","14",58,61,-3,"Control","Control","B104"
"473","B2_15","B2","15",59,62,-3,"Control","Control","B104"
"474","B2_16","B2","16",56,61,-5,"Control","Control","B104"
"475","B2_17","B2","17",56,61,-5,"Control","Control","B104"
"476","B2_18","B2","18",56,60,-4,"Control","Control","B104"
"477","B2_19","B2","19",57,62,-5,"Control","Control","B104"
"478","B3_1","B3","1",58,61,-3,"Control","Control","B104"
"479","B3_2","B3","2",58,61,-3,"Control","Control","B104"
"480","B3_3","B3","3",58,64,-6,"Control","Control","B104"
"481","B3_4","B3","4",58,61,-3,"Control","Control","B104"
"482","B3_5","B3","5",60,63,-3,"Control","Control","B104"
"483","B3_6","B3","6",58,59,-1,"Control","Control","B104"
"484","B3_7","B3","7",NA,NA,NA,"Control","Control","B104"
"485","B3_8","B3","8",59,63,-4,"Control","Control","B104"
"486","B3_9","B3","9",57,62,-5,"Control","Control","B104"
"487","B3_10","B3","10",58,61,-3,"Control","Control","B104"
"488","B3_11","B3","11",58,62,-4,"Control","Control","B104"
"489","B3_12","B3","12",63,NA,NA,"Control","Control","B104"
"490","B3_13","B3","13",62,NA,NA,"Control","Control","B104"
"491","B3_14","B3","14",58,63,-5,"Control","Control","B104"
"492","B3_15","B3","15",59,64,-5,"Control","Control","B104"
"493","B3_16","B3","16",59,NA,NA,"Control","Control","B104"
"494","B3_17","B3","17",58,63,-5,"Control","Control","B104"
"495","B3_18","B3","18",58,64,-6,"Control","Control","B104"
"496","B3_19","B3","19",58,63,-5,"Control","Control","B104"
"497","B3_20","B3","20",57,63,-6,"Control","Control","B104"
"498","B3_21","B3","21",58,63,-5,"Control","Control","B104"
"499","B3_22","B3","22",59,63,-4,"Control","Control","B104"
"500","B3_23","B3","23",60,63,-3,"Control","Control","B104"
"501","B3_24","B3","24",57,63,-6,"Control","Control","B104"
"502","B3_25","B3","25",NA,NA,NA,"Control","Control","B104"
"503","B4_1","B4","1",61,63,-2,"Control","Control","B104"
"504","B4_2","B4","2",59,61,-2,"Control","Control","B104"
"505","B4_3","B4","3",60,62,-2,"Control","Control","B104"
"506","B4_4","B4","4",58,62,-4,"Control","Control","B104"
"507","B4_5","B4","5",60,62,-2,"Control","Control","B104"
"508","B4_6","B4","6",61,63,-2,"Control","Control","B104"
"509","B4_7","B4","7",64,NA,NA,"Control","Control","B104"
"510","B4_8","B4","8",NA,NA,NA,"Control","Control","B104"
"511","B4_9","B4","9",60,63,-3,"Control","Control","B104"
"512","B4_10","B4","10",58,61,-3,"Control","Control","B104"
"513","B4_11","B4","11",60,64,-4,"Control","Control","B104"
"514","B4_12","B4","12",57,60,-3,"Control","Control","B104"
"515","B4_13","B4","13",60,63,-3,"Control","Control","B104"
"516","B4_14","B4","14",59,63,-4,"Control","Control","B104"
"517","B4_15","B4","15",60,63,-3,"Control","Control","B104"
"518","B4_16","B4","16",57,62,-5,"Control","Control","B104"
"519","B4_17","B4","17",NA,NA,NA,"Control","Control","B104"
"520","B4_18","B4","18",60,62,-2,"Control","Control","B104"
"521","B4_19","B4","19",61,64,-3,"Control","Control","B104"
"522","B4_20","B4","20",61,63,-2,"Control","Control","B104"
"523","B4_21","B4","21",NA,NA,NA,"Control","Control","B104"
"524","B4_22","B4","22",62,64,-2,"Control","Control","B104"
"525","B4_23","B4","23",NA,NA,NA,"Control","Control","B104"
"526","B5_1","B5","1",62,64,-2,"Control","Control","B104"
"527","B5_2","B5","2",62,64,-2,"Control","Control","B104"
"528","B5_3","B5","3",61,64,-3,"Control","Control","B104"
"529","B5_4","B5","4",59,62,-3,"Control","Control","B104"
"530","B5_5","B5","5",59,63,-4,"Control","Control","B104"
"531","B5_6","B5","6",58,62,-4,"Control","Control","B104"
"532","B5_7","B5","7",59,63,-4,"Control","Control","B104"
"533","B5_8","B5","8",61,NA,NA,"Control","Control","B104"
"534","B5_9","B5","9",59,62,-3,"Control","Control","B104"
"535","B5_10","B5","10",59,64,-5,"Control","Control","B104"
"536","B5_11","B5","11",60,64,-4,"Control","Control","B104"
"537","B5_12","B5","12",60,63,-3,"Control","Control","B104"
"538","B5_13","B5","13",58,63,-5,"Control","Control","B104"
"539","B5_14","B5","14",64,NA,NA,"Control","Control","B104"
"540","B5_15","B5","15",60,62,-2,"Control","Control","B104"
"541","B5_16","B5","16",60,64,-4,"Control","Control","B104"
"542","B5_17","B5","17",60,63,-3,"Control","Control","B104"
"543","B5_18","B5","18",61,65,-4,"Control","Control","B104"
"544","B5_19","B5","19",60,63,-3,"Control","Control","B104"
"545","B5_20","B5","20",61,64,-3,"Control","Control","B104"
"546","B5_21","B5","21",NA,NA,NA,"Control","Control","B104"
"547","B5_22","B5","22",59,62,-3,"Control","Control","B104"
"548","B5_23","B5","23",61,63,-2,"Control","Control","B104"
"549","B5_24","B5","24",59,62,-3,"Control","Control","B104"
"550","B5_25","B5","25",59,63,-4,"Control","Control","B104"
"551","B5_26","B5","26",59,62,-3,"Control","Control","B104"
"552","B5_27","B5","27",58,61,-3,"Control","Control","B104"
"553","B5_28","B5","28",57,60,-3,"Control","Control","B104"
"554","B5_29","B5","29",57,61,-4,"Control","Control","B104"
"555","B5_30","B5","30",60,63,-3,"Control","Control","B104"
"556","B5_31","B5","31",57,60,-3,"Control","Control","B104"
"557","B5_32","B5","32",58,61,-3,"Control","Control","B104"
"558","B5_33","B5","33",58,60,-2,"Control","Control","B104"
"559","B5_34","B5","34",58,62,-4,"Control","Control","B104"
"560","176_1","176","1",60,59,1,"Positive","Negative","wt"
"561","176_2","176","2",61,62,-1,"Positive","Negative","wt"
"562","176_3","176","3",60,59,1,"Positive","Negative","wt"
"563","176_4","176","4",60,NA,NA,"Positive","Negative","wt"
"564","176_5","176","5",59,62,-3,"Positive","Negative","wt"
"565","176_6","176","6",57,59,-2,"Positive","Negative","wt"
"566","176_7","176","7",60,62,-2,"Positive","Negative","wt"
"567","176_8","176","8",58,58,0,"Positive","Negative","wt"
"568","176_9","176","9",61,61,0,"Positive","Negative","wt"
"569","176_10","176","10",NA,NA,NA,"Positive","Negative","wt"
"570","176_11","176","11",60,61,-1,"Positive","Negative","wt"
"571","176_12","176","12",59,61,-2,"Positive","Negative","wt"
"572","176_13","176","13",60,64,-4,"Positive","Negative","wt"
"573","176_14","176","14",60,60,0,"Positive","Negative","wt"
"574","176_15","176","15",61,63,-2,"Positive","Negative","wt"
"575","176_16","176","16",60,60,0,"Positive","Negative","wt"
"576","176_17","176","17",60,60,0,"Positive","Negative","wt"
"577","177_1","177","1",64,NA,NA,"Positive","Positive","het"
"578","177_2","177","2",60,62,-2,"Positive","Positive","het"
"579","177_3","177","3",60,63,-3,"Positive","Positive","het"
"580","177_4","177","4",59,62,-3,"Positive","Positive","het"
"581","177_5","177","5",57,58,-1,"Positive","Positive","het"
"582","177_6","177","6",58,64,-6,"Positive","Positive","het"
"583","177_7","177","7",58,61,-3,"Positive","Positive","het"
"584","177_8","177","8",62,65,-3,"Positive","Positive","het"
"585","177_9","177","9",59,61,-2,"Positive","Positive","het"
"586","177_10","177","10",59,61,-2,"Positive","Positive","het"
"587","177_11","177","11",59,61,-2,"Positive","Positive","het"
"588","177_12","177","12",61,63,-2,"Positive","Positive","het"
"589","177_13","177","13",61,62,-1,"Positive","Positive","het"
"590","177_14","177","14",60,60,0,"Positive","Positive","het"
"591","177_15","177","15",59,62,-3,"Positive","Positive","het"
"592","177_16","177","16",58,61,-3,"Positive","Positive","het"
"593","177_17","177","17",58,61,-3,"Positive","Positive","het"
"594","177_18","177","18",60,61,-1,"Positive","Positive","het"
"595","177_19","177","19",60,61,-1,"Positive","Positive","het"
"596","178_1","178","1",60,61,-1,"Positive","Negative","wt"
"597","178_2","178","2",59,62,-3,"Positive","Negative","wt"
"598","178_3","178","3",59,61,-2,"Positive","Negative","wt"
"599","178_4","178","4",59,63,-4,"Positive","Negative","wt"
"600","178_5","178","5",58,62,-4,"Positive","Negative","wt"
"601","178_6","178","6",57,61,-4,"Positive","Negative","wt"
"602","178_7","178","7",60,63,-3,"Positive","Negative","wt"
"603","178_8","178","8",59,60,-1,"Positive","Negative","wt"
"604","178_9","178","9",57,61,-4,"Positive","Negative","wt"
"605","178_10","178","10",60,62,-2,"Positive","Negative","wt"
"606","178_11","178","11",NA,NA,NA,"Positive","Negative","wt"
"607","178_12","178","12",62,NA,NA,"Positive","Negative","wt"
"608","178_13","178","13",62,NA,NA,"Positive","Negative","wt"
"609","178_14","178","14",59,62,-3,"Positive","Negative","wt"
"610","178_15","178","15",58,61,-3,"Positive","Negative","wt"
"611","178_16","178","16",64,NA,NA,"Positive","Negative","wt"
"612","178_17","178","17",59,63,-4,"Positive","Negative","wt"
"613","178_18","178","18",59,63,-4,"Positive","Negative","wt"
"614","179_1","179","1",63,64,-1,"Positive","Positive","het"
"615","179_2","179","2",NA,NA,NA,"Positive","Positive","het"
"616","179_3","179","3",61,62,-1,"Positive","Positive","het"
"617","179_4","179","4",59,61,-2,"Positive","Positive","het"
"618","179_5","179","5",59,62,-3,"Positive","Positive","het"
"619","179_6","179","6",60,63,-3,"Positive","Positive","het"
"620","179_7","179","7",62,NA,NA,"Positive","Positive","het"
"621","179_8","179","8",61,63,-2,"Positive","Positive","het"
"622","179_9","179","9",63,NA,NA,"Positive","Positive","het"
"623","179_10","179","10",61,63,-2,"Positive","Positive","het"
"624","179_11","179","11",NA,NA,NA,"Positive","Positive","het"
"625","179_12","179","12",60,63,-3,"Positive","Positive","het"
"626","179_13","179","13",58,63,-5,"Positive","Positive","het"
"627","179_14","179","14",60,63,-3,"Positive","Positive","het"
"628","179_15","179","15",59,62,-3,"Positive","Positive","het"
"629","180_1","180","1",NA,63,NA,"Positive","Negative","wt"
"630","180_2","180","2",63,64,-1,"Positive","Negative","wt"
"631","180_3","180","3",60,62,-2,"Positive","Negative","wt"
"632","180_4","180","4",61,64,-3,"Positive","Negative","wt"
"633","180_5","180","5",59,NA,NA,"Positive","Negative","wt"
"634","180_6","180","6",58,63,-5,"Positive","Negative","wt"
"635","180_7","180","7",62,NA,NA,"Positive","Negative","wt"
"636","180_8","180","8",60,64,-4,"Positive","Negative","wt"
"637","180_9","180","9",60,64,-4,"Positive","Negative","wt"
"638","180_10","180","10",60,63,-3,"Positive","Negative","wt"
"639","180_11","180","11",63,NA,NA,"Positive","Negative","wt"
"640","180_12","180","12",59,63,-4,"Positive","Negative","wt"
"641","180_13","180","13",60,61,-1,"Positive","Negative","wt"
"642","180_14","180","14",63,NA,NA,"Positive","Negative","wt"
"643","180_15","180","15",60,63,-3,"Positive","Negative","wt"
"644","180_16","180","16",60,63,-3,"Positive","Negative","wt"
"645","180_17","180","17",62,63,-1,"Positive","Negative","wt"
"646","181_1","181","1",61,62,-1,"Positive","Positive","mut"
"647","181_2","181","2",61,64,-3,"Positive","Positive","mut"
"648","181_3","181","3",58,61,-3,"Positive","Positive","mut"
"649","181_4","181","4",59,61,-2,"Positive","Positive","mut"
"650","181_5","181","5",NA,NA,NA,"Positive","Positive","mut"
"651","181_6","181","6",63,NA,NA,"Positive","Positive","mut"
"652","181_7","181","7",59,61,-2,"Positive","Positive","mut"
"653","181_8","181","8",64,NA,NA,"Positive","Positive","mut"
"654","181_9","181","9",59,64,-5,"Positive","Positive","mut"
"655","181_10","181","10",57,60,-3,"Positive","Positive","mut"
"656","181_11","181","11",61,63,-2,"Positive","Positive","mut"
"657","181_12","181","12",61,63,-2,"Positive","Positive","mut"
"658","181_13","181","13",63,NA,NA,"Positive","Positive","mut"
"659","181_14","181","14",61,64,-3,"Positive","Positive","mut"
"660","181_15","181","15",NA,NA,NA,"Positive","Positive","mut"
"661","181_16","181","16",63,NA,NA,"Positive","Positive","mut"
"662","181_17","181","17",61,63,-2,"Positive","Positive","mut"
"663","181_18","181","18",60,63,-3,"Positive","Positive","mut"
"664","181_19","181","19",60,63,-3,"Positive","Positive","mut"
"665","181_20","181","20",60,62,-2,"Positive","Positive","mut"
"666","182_1","182","1",NA,NA,NA,"Positive","Negative","wt"
"667","182_2","182","2",NA,64,NA,"Positive","Negative","wt"
"668","182_3","182","3",60,62,-2,"Positive","Negative","wt"
"669","182_4","182","4",62,NA,NA,"Positive","Negative","wt"
"670","182_5","182","5",62,64,-2,"Positive","Negative","wt"
"671","182_6","182","6",61,NA,NA,"Positive","Negative","wt"
"672","182_7","182","7",60,62,-2,"Positive","Negative","wt"
"673","182_8","182","8",60,64,-4,"Positive","Negative","wt"
"674","182_9","182","9",57,58,-1,"Positive","Negative","wt"
"675","182_10","182","10",58,60,-2,"Positive","Negative","wt"
"676","182_11","182","11",60,61,-1,"Positive","Negative","wt"
"677","182_12","182","12",58,60,-2,"Positive","Negative","wt"
"678","182_13","182","13",NA,NA,NA,"Positive","Negative","wt"
"679","182_14","182","14",59,61,-2,"Positive","Negative","wt"
"680","182_15","182","15",60,63,-3,"Positive","Negative","wt"
"681","182_16","182","16",62,NA,NA,"Positive","Negative","wt"
"682","182_17","182","17",60,64,-4,"Positive","Negative","wt"
"683","182_18","182","18",60,61,-1,"Positive","Negative","wt"
"684","182_19","182","19",59,61,-2,"Positive","Negative","wt"
"685","182_20","182","20",58,61,-3,"Positive","Negative","wt"
"686","183_1","183","1",61,64,-3,"Positive","Positive","het"
"687","183_2","183","2",64,NA,NA,"Positive","Positive","het"
"688","183_3","183","3",58,63,-5,"Positive","Positive","het"
"689","183_4","183","4",59,62,-3,"Positive","Positive","het"
"690","183_5","183","5",58,60,-2,"Positive","Positive","het"
"691","183_6","183","6",61,63,-2,"Positive","Positive","het"
"692","183_7","183","7",61,NA,NA,"Positive","Positive","het"
"693","183_8","183","8",62,64,-2,"Positive","Positive","het"
"694","183_9","183","9",64,NA,NA,"Positive","Positive","het"
"695","183_10","183","10",60,64,-4,"Positive","Positive","het"
"696","183_11","183","11",60,63,-3,"Positive","Positive","het"
"697","183_12","183","12",60,63,-3,"Positive","Positive","het"
"698","183_13","183","13",60,62,-2,"Positive","Positive","het"
"699","183_14","183","14",61,64,-3,"Positive","Positive","het"
"700","183_15","183","15",59,62,-3,"Positive","Positive","het"
"701","183_16","183","16",61,64,-3,"Positive","Positive","het"
"702","183_17","183","17",61,64,-3,"Positive","Positive","het"
"703","183_18","183","18",62,64,-2,"Positive","Positive","het"
"704","183_19","183","19",63,64,-1,"Positive","Positive","het"
"705","184_1","184","1",60,61,-1,"Positive","Negative","wt"
"706","184_2","184","2",60,60,0,"Positive","Negative","wt"
"707","184_3","184","3",60,62,-2,"Positive","Negative","wt"
"708","184_4","184","4",64,62,2,"Positive","Negative","wt"
"709","184_5","184","5",60,62,-2,"Positive","Negative","wt"
"710","184_6","184","6",60,62,-2,"Positive","Negative","wt"
"711","184_7","184","7",59,60,-1,"Positive","Negative","wt"
"712","184_8","184","8",57,59,-2,"Positive","Negative","wt"
"713","184_9","184","9",58,60,-2,"Positive","Negative","wt"
"714","184_10","184","10",58,60,-2,"Positive","Negative","wt"
"715","184_11","184","11",59,62,-3,"Positive","Negative","wt"
"716","184_12","184","12",57,59,-2,"Positive","Negative","wt"
"717","184_13","184","13",60,62,-2,"Positive","Negative","wt"
"718","184_14","184","14",60,61,-1,"Positive","Negative","wt"
"719","184_15","184","15",61,63,-2,"Positive","Negative","wt"
"720","184_16","184","16",60,61,-1,"Positive","Negative","wt"
"721","184_17","184","17",60,61,-1,"Positive","Negative","wt"
"722","185_1","185","1",59,62,-3,"Positive","Positive","het"
"723","185_2","185","2",60,61,-1,"Positive","Positive","het"
"724","185_3","185","3",60,63,-3,"Positive","Positive","het"
"725","185_4","185","4",61,63,-2,"Positive","Positive","het"
"726","185_5","185","5",61,63,-2,"Positive","Positive","het"
"727","185_6","185","6",59,62,-3,"Positive","Positive","het"
"728","185_7","185","7",60,61,-1,"Positive","Positive","het"
"729","185_8","185","8",60,62,-2,"Positive","Positive","het"
"730","185_9","185","9",62,64,-2,"Positive","Positive","het"
"731","185_10","185","10",60,62,-2,"Positive","Positive","het"
"732","185_11","185","11",60,61,-1,"Positive","Positive","het"
"733","185_12","185","12",60,61,-1,"Positive","Positive","het"
"734","185_13","185","13",62,62,0,"Positive","Positive","het"
"735","185_14","185","14",NA,NA,NA,"Positive","Positive","het"
"736","186_1","186","1",64,64,0,"Positive","Negative","wt"
"737","186_2","186","2",63,64,-1,"Positive","Negative","wt"
"738","186_3","186","3",61,64,-3,"Positive","Negative","wt"
"739","186_4","186","4",59,61,-2,"Positive","Negative","wt"
"740","186_5","186","5",61,63,-2,"Positive","Negative","wt"
"741","186_6","186","6",61,62,-1,"Positive","Negative","wt"
"742","186_7","186","7",61,64,-3,"Positive","Negative","wt"
"743","186_8","186","8",60,64,-4,"Positive","Negative","wt"
"744","186_9","186","9",60,62,-2,"Positive","Negative","wt"
"745","186_10","186","10",59,61,-2,"Positive","Negative","wt"
"746","186_11","186","11",NA,NA,NA,"Positive","Negative","wt"
"747","186_12","186","12",60,62,-2,"Positive","Negative","wt"
"748","186_13","186","13",60,62,-2,"Positive","Negative","wt"
"749","186_14","186","14",62,64,-2,"Positive","Negative","wt"
"750","186_15","186","15",59,60,-1,"Positive","Negative","wt"
"751","186_16","186","16",60,63,-3,"Positive","Negative","wt"
"752","186_17","186","17",60,63,-3,"Positive","Negative","wt"
"753","187_1","187","1",64,NA,NA,"Positive","Positive","het"
"754","187_2","187","2",62,65,-3,"Positive","Positive","het"
"755","187_3","187","3",62,64,-2,"Positive","Positive","het"
"756","187_4","187","4",NA,NA,NA,"Positive","Positive","het"
"757","187_5","187","5",61,65,-4,"Positive","Positive","het"
"758","187_6","187","6",60,62,-2,"Positive","Positive","het"
"759","187_7","187","7",60,63,-3,"Positive","Positive","het"
"760","187_8","187","8",60,62,-2,"Positive","Positive","het"
"761","187_9","187","9",60,63,-3,"Positive","Positive","het"
"762","187_10","187","10",62,64,-2,"Positive","Positive","het"
"763","187_11","187","11",63,65,-2,"Positive","Positive","het"
"764","187_12","187","12",NA,NA,NA,"Positive","Positive","het"
"765","187_13","187","13",64,64,0,"Positive","Positive","het"
"766","187_14","187","14",60,62,-2,"Positive","Positive","het"
"767","187_15","187","15",NA,NA,NA,"Positive","Positive","het"
"768","187_16","187","16",64,NA,NA,"Positive","Positive","het"
"769","187_17","187","17",64,NA,NA,"Positive","Positive","het"
"770","188_1","188","1",64,NA,NA,"Positive","Negative","wt"
"771","188_2","188","2",61,62,-1,"Positive","Negative","wt"
"772","188_3","188","3",60,62,-2,"Positive","Negative","wt"
"773","188_4","188","4",64,NA,NA,"Positive","Negative","wt"
"774","188_5","188","5",62,64,-2,"Positive","Negative","wt"
"775","188_6","188","6",60,62,-2,"Positive","Negative","wt"
"776","188_7","188","7",61,64,-3,"Positive","Negative","wt"
"777","188_8","188","8",60,63,-3,"Positive","Negative","wt"
"778","188_9","188","9",62,NA,NA,"Positive","Negative","wt"
"779","188_10","188","10",62,NA,NA,"Positive","Negative","wt"
"780","188_11","188","11",60,64,-4,"Positive","Negative","wt"
"781","188_12","188","12",61,63,-2,"Positive","Negative","wt"
"782","188_13","188","13",61,64,-3,"Positive","Negative","wt"
"783","188_14","188","14",61,64,-3,"Positive","Negative","wt"
"784","188_15","188","15",59,63,-4,"Positive","Negative","wt"
"785","188_16","188","16",63,64,-1,"Positive","Negative","wt"
"786","188_17","188","17",62,63,-1,"Positive","Negative","wt"
"787","189_1","189","1",63,NA,NA,"Positive","Positive","mut"
"788","189_2","189","2",NA,NA,NA,"Positive","Positive","mut"
"789","189_3","189","3",57,61,-4,"Positive","Positive","mut"
"790","189_4","189","4",60,63,-3,"Positive","Positive","mut"
"791","189_5","189","5",61,64,-3,"Positive","Positive","mut"
"792","189_6","189","6",60,63,-3,"Positive","Positive","mut"
"793","189_7","189","7",62,64,-2,"Positive","Positive","mut"
"794","189_8","189","8",60,63,-3,"Positive","Positive","mut"
"795","189_9","189","9",61,64,-3,"Positive","Positive","mut"
"796","189_10","189","10",63,NA,NA,"Positive","Positive","mut"
"797","189_11","189","11",58,61,-3,"Positive","Positive","mut"
"798","189_12","189","12",59,61,-2,"Positive","Positive","mut"
"799","189_13","189","13",62,NA,NA,"Positive","Positive","mut"
"800","189_14","189","14",61,NA,NA,"Positive","Positive","mut"
"801","189_15","189","15",60,62,-2,"Positive","Positive","mut"
"802","189_16","189","16",62,64,-2,"Positive","Positive","mut"
"803","189_17","189","17",60,62,-2,"Positive","Positive","mut"
"804","189_18","189","18",58,61,-3,"Positive","Positive","mut"
"805","190_1","190","1",63,64,-1,"Positive","Negative","wt"
"806","190_2","190","2",58,61,-3,"Positive","Negative","wt"
"807","190_3","190","3",61,63,-2,"Positive","Negative","wt"
"808","190_4","190","4",57,61,-4,"Positive","Negative","wt"
"809","190_5","190","5",57,60,-3,"Positive","Negative","wt"
"810","190_6","190","6",59,63,-4,"Positive","Negative","wt"
"811","190_7","190","7",59,60,-1,"Positive","Negative","wt"
"812","190_8","190","8",NA,61,NA,"Positive","Negative","wt"
"813","190_9","190","9",58,61,-3,"Positive","Negative","wt"
"814","190_10","190","10",57,59,-2,"Positive","Negative","wt"
"815","190_11","190","11",60,62,-2,"Positive","Negative","wt"
"816","190_12","190","12",NA,62,NA,"Positive","Negative","wt"
"817","190_13","190","13",60,63,-3,"Positive","Negative","wt"
"818","190_14","190","14",58,64,-6,"Positive","Negative","wt"
"819","190_15","190","15",59,60,-1,"Positive","Negative","wt"
"820","190_16","190","16",60,60,0,"Positive","Negative","wt"
"821","190_17","190","17",61,63,-2,"Positive","Negative","wt"
"822","190_18","190","18",60,63,-3,"Positive","Negative","wt"
"823","191_1","191","1",57,61,-4,"Positive","Positive","het"
"824","191_2","191","2",60,63,-3,"Positive","Positive","het"
"825","191_3","191","3",58,61,-3,"Positive","Positive","het"
"826","191_4","191","4",59,62,-3,"Positive","Positive","het"
"827","191_5","191","5",64,NA,NA,"Positive","Positive","het"
"828","191_6","191","6",58,62,-4,"Positive","Positive","het"
"829","191_7","191","7",60,NA,NA,"Positive","Positive","het"
"830","191_8","191","8",58,NA,NA,"Positive","Positive","het"
"831","191_9","191","9",61,64,-3,"Positive","Positive","het"
"832","191_10","191","10",58,64,-6,"Positive","Positive","het"
"833","191_11","191","11",59,63,-4,"Positive","Positive","het"
"834","191_12","191","12",58,63,-5,"Positive","Positive","het"
"835","191_13","191","13",60,63,-3,"Positive","Positive","het"
"836","191_14","191","14",60,NA,NA,"Positive","Positive","het"
"837","191_15","191","15",61,NA,NA,"Positive","Positive","het"
"838","191_16","191","16",60,NA,NA,"Positive","Positive","het"
"839","191_17","191","17",60,63,-3,"Positive","Positive","het"
"840","191_18","191","18",62,64,-2,"Positive","Positive","het"
"841","191_19","191","19",63,64,-1,"Positive","Positive","het"
"842","191_20","191","20",60,64,-4,"Positive","Positive","het"
"843","192_1","192","1",64,64,0,"Positive","Negative","wt"
"844","192_2","192","2",56,58,-2,"Positive","Negative","wt"
"845","192_3","192","3",57,59,-2,"Positive","Negative","wt"
"846","192_4","192","4",56,58,-2,"Positive","Negative","wt"
"847","192_5","192","5",56,59,-3,"Positive","Negative","wt"
"848","192_6","192","6",57,60,-3,"Positive","Negative","wt"
"849","192_7","192","7",58,58,0,"Positive","Negative","wt"
"850","192_8","192","8",61,63,-2,"Positive","Negative","wt"
"851","192_9","192","9",60,61,-1,"Positive","Negative","wt"
"852","192_10","192","10",60,60,0,"Positive","Negative","wt"
"853","192_11","192","11",61,63,-2,"Positive","Negative","wt"
"854","192_12","192","12",62,63,-1,"Positive","Negative","wt"
"855","192_13","192","13",60,61,-1,"Positive","Negative","wt"
"856","192_14","192","14",60,61,-1,"Positive","Negative","wt"
"857","192_15","192","15",60,60,0,"Positive","Negative","wt"
"858","193_1","193","1",63,NA,NA,"Positive","Positive","het"
"859","193_2","193","2",60,63,-3,"Positive","Positive","het"
"860","193_3","193","3",58,61,-3,"Positive","Positive","het"
"861","193_4","193","4",60,62,-2,"Positive","Positive","het"
"862","193_5","193","5",59,63,-4,"Positive","Positive","het"
"863","193_6","193","6",58,62,-4,"Positive","Positive","het"
"864","193_7","193","7",59,61,-2,"Positive","Positive","het"
"865","193_8","193","8",59,60,-1,"Positive","Positive","het"
"866","193_9","193","9",58,60,-2,"Positive","Positive","het"
"867","193_10","193","10",62,64,-2,"Positive","Positive","het"
"868","193_11","193","11",59,62,-3,"Positive","Positive","het"
"869","193_12","193","12",58,62,-4,"Positive","Positive","het"
"870","193_13","193","13",60,62,-2,"Positive","Positive","het"
"871","193_14","193","14",NA,NA,NA,"Positive","Positive","het"
"872","193_15","193","15",NA,NA,NA,"Positive","Positive","het"
"873","193_16","193","16",60,62,-2,"Positive","Positive","het"
"874","194_1","194","1",NA,NA,NA,"Positive","Negative","wt"
"875","194_2","194","2",60,62,-2,"Positive","Negative","wt"
"876","194_3","194","3",60,63,-3,"Positive","Negative","wt"
"877","194_4","194","4",58,61,-3,"Positive","Negative","wt"
"878","194_5","194","5",58,63,-5,"Positive","Negative","wt"
"879","194_6","194","6",59,61,-2,"Positive","Negative","wt"
"880","194_7","194","7",60,62,-2,"Positive","Negative","wt"
"881","194_8","194","8",59,63,-4,"Positive","Negative","wt"
"882","194_9","194","9",58,60,-2,"Positive","Negative","wt"
"883","194_10","194","10",NA,NA,NA,"Positive","Negative","wt"
"884","194_11","194","11",57,60,-3,"Positive","Negative","wt"
"885","194_12","194","12",58,60,-2,"Positive","Negative","wt"
"886","194_13","194","13",64,63,1,"Positive","Negative","wt"
"887","194_14","194","14",60,62,-2,"Positive","Negative","wt"
"888","194_15","194","15",60,63,-3,"Positive","Negative","wt"
"889","194_16","194","16",60,NA,NA,"Positive","Negative","wt"
"890","194_17","194","17",62,64,-2,"Positive","Negative","wt"
"891","194_18","194","18",NA,NA,NA,"Positive","Negative","wt"
"892","195_1","195","1",59,61,-2,"Positive","Positive","het"
"893","195_2","195","2",61,63,-2,"Positive","Positive","het"
"894","195_3","195","3",61,64,-3,"Positive","Positive","het"
"895","195_4","195","4",57,60,-3,"Positive","Positive","het"
"896","195_5","195","5",59,63,-4,"Positive","Positive","het"
"897","195_6","195","6",60,64,-4,"Positive","Positive","het"
"898","195_7","195","7",60,64,-4,"Positive","Positive","het"
"899","195_8","195","8",57,61,-4,"Positive","Positive","het"
"900","195_9","195","9",57,60,-3,"Positive","Positive","het"
"901","195_10","195","10",58,61,-3,"Positive","Positive","het"
"902","195_11","195","11",57,62,-5,"Positive","Positive","het"
"903","195_12","195","12",59,62,-3,"Positive","Positive","het"
"904","195_13","195","13",60,63,-3,"Positive","Positive","het"
"905","195_14","195","14",60,64,-4,"Positive","Positive","het"
"906","195_15","195","15",60,62,-2,"Positive","Positive","het"
"907","195_16","195","16",60,63,-3,"Positive","Positive","het"
"908","195_17","195","17",61,62,-1,"Positive","Positive","het"
"909","196_1","196","1",59,61,-2,"Positive","Negative","wt"
"910","196_2","196","2",59,61,-2,"Positive","Negative","wt"
"911","196_3","196","3",58,62,-4,"Positive","Negative","wt"
"912","196_4","196","4",59,64,-5,"Positive","Negative","wt"
"913","196_5","196","5",59,63,-4,"Positive","Negative","wt"
"914","196_6","196","6",NA,63,NA,"Positive","Negative","wt"
"915","196_7","196","7",61,63,-2,"Positive","Negative","wt"
"916","196_8","196","8",58,64,-6,"Positive","Negative","wt"
"917","196_9","196","9",58,61,-3,"Positive","Negative","wt"
"918","196_10","196","10",58,62,-4,"Positive","Negative","wt"
"919","196_11","196","11",59,62,-3,"Positive","Negative","wt"
"920","196_12","196","12",57,61,-4,"Positive","Negative","wt"
"921","196_13","196","13",60,NA,NA,"Positive","Negative","wt"
"922","196_14","196","14",60,63,-3,"Positive","Negative","wt"
"923","196_15","196","15",58,63,-5,"Positive","Negative","wt"
"924","196_16","196","16",58,62,-4,"Positive","Negative","wt"
"925","196_17","196","17",57,61,-4,"Positive","Negative","wt"
"926","196_18","196","18",57,62,-5,"Positive","Negative","wt"
"927","196_19","196","19",58,60,-2,"Positive","Negative","wt"
"928","197_1","197","1",58,62,-4,"Positive","Positive","mut"
"929","197_2","197","2",58,61,-3,"Positive","Positive","mut"
"930","197_3","197","3",59,62,-3,"Positive","Positive","mut"
"931","197_4","197","4",59,61,-2,"Positive","Positive","mut"
"932","197_5","197","5",58,61,-3,"Positive","Positive","mut"
"933","197_6","197","6",57,62,-5,"Positive","Positive","mut"
"934","197_7","197","7",59,63,-4,"Positive","Positive","mut"
"935","197_8","197","8",61,64,-3,"Positive","Positive","mut"
"936","197_9","197","9",58,64,-6,"Positive","Positive","mut"
"937","197_10","197","10",60,63,-3,"Positive","Positive","mut"
"938","197_11","197","11",57,63,-6,"Positive","Positive","mut"
"939","197_12","197","12",60,63,-3,"Positive","Positive","mut"
"940","197_13","197","13",59,62,-3,"Positive","Positive","mut"
"941","197_14","197","14",58,62,-4,"Positive","Positive","mut"
"942","197_15","197","15",56,59,-3,"Positive","Positive","mut"
"943","197_16","197","16",58,62,-4,"Positive","Positive","mut"
"944","197_17","197","17",57,59,-2,"Positive","Positive","mut"
"945","198_1","198","1",60,62,-2,"Positive","Negative","wt"
"946","198_2","198","2",56,61,-5,"Positive","Negative","wt"
"947","198_3","198","3",57,59,-2,"Positive","Negative","wt"
"948","198_4","198","4",56,58,-2,"Positive","Negative","wt"
"949","198_5","198","5",57,59,-2,"Positive","Negative","wt"
"950","198_6","198","6",56,59,-3,"Positive","Negative","wt"
"951","198_7","198","7",56,60,-4,"Positive","Negative","wt"
"952","198_8","198","8",57,60,-3,"Positive","Negative","wt"
"953","198_9","198","9",58,62,-4,"Positive","Negative","wt"
"954","198_10","198","10",57,62,-5,"Positive","Negative","wt"
"955","198_11","198","11",58,61,-3,"Positive","Negative","wt"
"956","198_12","198","12",58,61,-3,"Positive","Negative","wt"
"957","198_13","198","13",56,60,-4,"Positive","Negative","wt"
"958","198_14","198","14",57,59,-2,"Positive","Negative","wt"
"959","198_15","198","15",57,60,-3,"Positive","Negative","wt"
"960","198_16","198","16",NA,58,NA,"Positive","Negative","wt"
"961","198_17","198","17",58,60,-2,"Positive","Negative","wt"
"962","198_18","198","18",57,60,-3,"Positive","Negative","wt"
"963","198_19","198","19",57,59,-2,"Positive","Negative","wt"
"964","199_1","199","1",56,58,-2,"Negative","Negative","wt"
"965","199_2","199","2",56,58,-2,"Negative","Negative","wt"
"966","199_3","199","3",58,59,-1,"Negative","Negative","wt"
"967","199_4","199","4",57,59,-2,"Negative","Negative","wt"
"968","199_5","199","5",58,60,-2,"Negative","Negative","wt"
"969","199_6","199","6",58,60,-2,"Negative","Negative","wt"
"970","199_7","199","7",61,63,-2,"Negative","Negative","wt"
"971","199_8","199","8",58,61,-3,"Negative","Negative","wt"
"972","199_9","199","9",58,59,-1,"Negative","Negative","wt"
"973","199_10","199","10",57,59,-2,"Negative","Negative","wt"
"974","199_11","199","11",56,59,-3,"Negative","Negative","wt"
"975","199_12","199","12",56,59,-3,"Negative","Negative","wt"
"976","199_13","199","13",58,61,-3,"Negative","Negative","wt"
"977","199_14","199","14",58,59,-1,"Negative","Negative","wt"
"978","199_15","199","15",61,63,-2,"Negative","Negative","wt"
"979","199_16","199","16",57,60,-3,"Negative","Negative","wt"
"980","199_17","199","17",56,60,-4,"Negative","Negative","wt"
"981","199_18","199","18",58,59,-1,"Negative","Negative","wt"
"982","200_1","200","1",55,58,-3,"Negative","Negative","wt"
"983","200_2","200","2",57,59,-2,"Negative","Negative","wt"
"984","200_3","200","3",60,60,0,"Negative","Negative","wt"
"985","200_4","200","4",56,58,-2,"Negative","Negative","wt"
"986","200_5","200","5",58,59,-1,"Negative","Negative","wt"
"987","200_6","200","6",58,59,-1,"Negative","Negative","wt"
"988","200_7","200","7",58,58,0,"Negative","Negative","wt"
"989","200_8","200","8",62,NA,NA,"Negative","Negative","wt"
"990","200_9","200","9",63,NA,NA,"Negative","Negative","wt"
"991","200_10","200","10",58,58,0,"Negative","Negative","wt"
"992","200_11","200","11",57,60,-3,"Negative","Negative","wt"
"993","200_12","200","12",59,60,-1,"Negative","Negative","wt"
"994","200_13","200","13",64,NA,NA,"Negative","Negative","wt"
"995","200_14","200","14",56,57,-1,"Negative","Negative","wt"
"996","B6_1","B6","1",57,61,-4,"Control","Control","B104"
"997","B6_2","B6","2",58,62,-4,"Control","Control","B104"
"998","B6_3","B6","3",58,61,-3,"Control","Control","B104"
"999","B6_4","B6","4",59,62,-3,"Control","Control","B104"
"1000","B6_5","B6","5",58,64,-6,"Control","Control","B104"
"1001","B6_6","B6","6",62,NA,NA,"Control","Control","B104"
"1002","B6_7","B6","7",59,61,-2,"Control","Control","B104"
"1003","B6_8","B6","8",60,NA,NA,"Control","Control","B104"
"1004","B6_9","B6","9",57,61,-4,"Control","Control","B104"
"1005","B6_10","B6","10",59,63,-4,"Control","Control","B104"
"1006","B6_11","B6","11",62,NA,NA,"Control","Control","B104"
"1007","B6_12","B6","12",58,61,-3,"Control","Control","B104"
"1008","B6_13","B6","13",57,60,-3,"Control","Control","B104"
"1009","B6_14","B6","14",59,62,-3,"Control","Control","B104"
"1010","B6_15","B6","15",58,61,-3,"Control","Control","B104"
"1011","B6_16","B6","16",61,63,-2,"Control","Control","B104"
"1012","B6_17","B6","17",64,NA,NA,"Control","Control","B104"
"1013","B6_18","B6","18",58,NA,NA,"Control","Control","B104"
"1014","B6_19","B6","19",58,NA,NA,"Control","Control","B104"
"1015","B6_20","B6","20",58,60,-2,"Control","Control","B104"
"1016","B6_21","B6","21",57,NA,NA,"Control","Control","B104"
